solid OpenSCAD_Model
  facet normal 0.999658 0.0261696 0
    outer loop
      vertex 25.4 0 5
      vertex 25.3652 1.32933 0
      vertex 25.3652 1.32933 5
    endloop
  endfacet
  facet normal 0.999658 0.0261696 0
    outer loop
      vertex 25.3652 1.32933 0
      vertex 25.4 0 5
      vertex 25.4 0 0
    endloop
  endfacet
  facet normal -0.999658 0.0261696 0
    outer loop
      vertex -25.4 0 0
      vertex -25.3652 1.32933 5
      vertex -25.3652 1.32933 0
    endloop
  endfacet
  facet normal -0.999658 0.0261696 0
    outer loop
      vertex -25.3652 1.32933 5
      vertex -25.4 0 0
      vertex -25.4 0 5
    endloop
  endfacet
  facet normal 0.0261696 0.999658 -0
    outer loop
      vertex 1.32933 25.3652 0
      vertex 0 25.4 5
      vertex 1.32933 25.3652 5
    endloop
  endfacet
  facet normal 0.0261696 0.999658 0
    outer loop
      vertex 0 25.4 5
      vertex 1.32933 25.3652 0
      vertex 0 25.4 0
    endloop
  endfacet
  facet normal -0.0261696 -0.999658 0
    outer loop
      vertex -1.32933 -25.3652 0
      vertex 0 -25.4 5
      vertex -1.32933 -25.3652 5
    endloop
  endfacet
  facet normal -0.0261696 -0.999658 -0
    outer loop
      vertex 0 -25.4 5
      vertex -1.32933 -25.3652 0
      vertex 0 -25.4 0
    endloop
  endfacet
  facet normal 0.725364 0.688366 0
    outer loop
      vertex 18.8759 16.9959 5
      vertex 17.9605 17.9605 0
      vertex 17.9605 17.9605 5
    endloop
  endfacet
  facet normal 0.725364 0.688366 0
    outer loop
      vertex 17.9605 17.9605 0
      vertex 18.8759 16.9959 5
      vertex 18.8759 16.9959 0
    endloop
  endfacet
  facet normal -0.688366 0.725364 0
    outer loop
      vertex -16.9959 18.8759 0
      vertex -17.9605 17.9605 5
      vertex -16.9959 18.8759 5
    endloop
  endfacet
  facet normal -0.688366 0.725364 0
    outer loop
      vertex -17.9605 17.9605 5
      vertex -16.9959 18.8759 0
      vertex -17.9605 17.9605 0
    endloop
  endfacet
  facet normal -0.972375 -0.233423 0
    outer loop
      vertex -24.5345 -6.574 0
      vertex -24.8449 -5.28096 5
      vertex -24.8449 -5.28096 0
    endloop
  endfacet
  facet normal -0.972375 -0.233423 0
    outer loop
      vertex -24.8449 -5.28096 5
      vertex -24.5345 -6.574 0
      vertex -24.5345 -6.574 5
    endloop
  endfacet
  facet normal 0.923901 0.382631 0
    outer loop
      vertex 23.7129 9.10255 5
      vertex 23.2041 10.3311 0
      vertex 23.2041 10.3311 5
    endloop
  endfacet
  facet normal 0.923901 0.382631 0
    outer loop
      vertex 23.2041 10.3311 0
      vertex 23.7129 9.10255 5
      vertex 23.7129 9.10255 0
    endloop
  endfacet
  facet normal -0.852638 0.522502 0
    outer loop
      vertex -21.997 12.7 0
      vertex -21.3022 13.8338 5
      vertex -21.3022 13.8338 0
    endloop
  endfacet
  facet normal -0.852638 0.522502 0
    outer loop
      vertex -21.3022 13.8338 5
      vertex -21.997 12.7 0
      vertex -21.997 12.7 5
    endloop
  endfacet
  facet normal -0.130546 0.991442 0
    outer loop
      vertex -2.65502 25.2609 0
      vertex -3.97344 25.0873 5
      vertex -2.65502 25.2609 5
    endloop
  endfacet
  facet normal -0.130546 0.991442 0
    outer loop
      vertex -3.97344 25.0873 5
      vertex -2.65502 25.2609 0
      vertex -3.97344 25.0873 0
    endloop
  endfacet
  facet normal 0.852638 -0.522502 0
    outer loop
      vertex 21.3022 -13.8338 5
      vertex 21.997 -12.7 0
      vertex 21.997 -12.7 5
    endloop
  endfacet
  facet normal 0.852638 -0.522502 0
    outer loop
      vertex 21.997 -12.7 0
      vertex 21.3022 -13.8338 5
      vertex 21.3022 -13.8338 0
    endloop
  endfacet
  facet normal 0.233423 -0.972375 0
    outer loop
      vertex 5.28096 -24.8449 0
      vertex 6.574 -24.5345 5
      vertex 5.28096 -24.8449 5
    endloop
  endfacet
  facet normal 0.233423 -0.972375 0
    outer loop
      vertex 6.574 -24.5345 5
      vertex 5.28096 -24.8449 0
      vertex 6.574 -24.5345 0
    endloop
  endfacet
  facet normal 0.649428 -0.760423 0
    outer loop
      vertex 15.9847 -19.7395 0
      vertex 16.9959 -18.8759 5
      vertex 15.9847 -19.7395 5
    endloop
  endfacet
  facet normal 0.649428 -0.760423 0
    outer loop
      vertex 16.9959 -18.8759 5
      vertex 15.9847 -19.7395 0
      vertex 16.9959 -18.8759 0
    endloop
  endfacet
  facet normal -0.33381 -0.94264 0
    outer loop
      vertex -9.10255 -23.7129 0
      vertex -7.84903 -24.1568 5
      vertex -9.10255 -23.7129 5
    endloop
  endfacet
  facet normal -0.33381 -0.94264 -0
    outer loop
      vertex -7.84903 -24.1568 5
      vertex -9.10255 -23.7129 0
      vertex -7.84903 -24.1568 0
    endloop
  endfacet
  facet normal -0.760423 -0.649428 0
    outer loop
      vertex -18.8759 -16.9959 0
      vertex -19.7395 -15.9847 5
      vertex -19.7395 -15.9847 0
    endloop
  endfacet
  facet normal -0.760423 -0.649428 0
    outer loop
      vertex -19.7395 -15.9847 5
      vertex -18.8759 -16.9959 0
      vertex -18.8759 -16.9959 5
    endloop
  endfacet
  facet normal 0.996919 0.0784336 0
    outer loop
      vertex 25.3652 1.32933 5
      vertex 25.2609 2.65502 0
      vertex 25.2609 2.65502 5
    endloop
  endfacet
  facet normal 0.996919 0.0784336 0
    outer loop
      vertex 25.2609 2.65502 0
      vertex 25.3652 1.32933 5
      vertex 25.3652 1.32933 0
    endloop
  endfacet
  facet normal 0.972375 0.233423 0
    outer loop
      vertex 24.8449 5.28096 5
      vertex 24.5345 6.574 0
      vertex 24.5345 6.574 5
    endloop
  endfacet
  facet normal 0.972375 0.233423 0
    outer loop
      vertex 24.5345 6.574 0
      vertex 24.8449 5.28096 5
      vertex 24.8449 5.28096 0
    endloop
  endfacet
  facet normal 0.878785 0.477218 0
    outer loop
      vertex 22.6316 11.5314 5
      vertex 21.997 12.7 0
      vertex 21.997 12.7 5
    endloop
  endfacet
  facet normal 0.878785 0.477218 0
    outer loop
      vertex 21.997 12.7 0
      vertex 22.6316 11.5314 5
      vertex 22.6316 11.5314 0
    endloop
  endfacet
  facet normal 0.760423 0.649428 0
    outer loop
      vertex 19.7395 15.9847 5
      vertex 18.8759 16.9959 0
      vertex 18.8759 16.9959 5
    endloop
  endfacet
  facet normal 0.760423 0.649428 0
    outer loop
      vertex 18.8759 16.9959 0
      vertex 19.7395 15.9847 5
      vertex 19.7395 15.9847 0
    endloop
  endfacet
  facet normal 0.233423 0.972375 -0
    outer loop
      vertex 6.574 24.5345 0
      vertex 5.28096 24.8449 5
      vertex 6.574 24.5345 5
    endloop
  endfacet
  facet normal 0.233423 0.972375 0
    outer loop
      vertex 5.28096 24.8449 5
      vertex 6.574 24.5345 0
      vertex 5.28096 24.8449 0
    endloop
  endfacet
  facet normal 0.649428 0.760423 -0
    outer loop
      vertex 16.9959 18.8759 0
      vertex 15.9847 19.7395 5
      vertex 16.9959 18.8759 5
    endloop
  endfacet
  facet normal 0.649428 0.760423 0
    outer loop
      vertex 15.9847 19.7395 5
      vertex 16.9959 18.8759 0
      vertex 15.9847 19.7395 0
    endloop
  endfacet
  facet normal 0.477218 0.878785 -0
    outer loop
      vertex 12.7 21.997 0
      vertex 11.5314 22.6316 5
      vertex 12.7 21.997 5
    endloop
  endfacet
  facet normal 0.477218 0.878785 0
    outer loop
      vertex 11.5314 22.6316 5
      vertex 12.7 21.997 0
      vertex 11.5314 22.6316 0
    endloop
  endfacet
  facet normal -0.972375 0.233423 0
    outer loop
      vertex -24.8449 5.28096 0
      vertex -24.5345 6.574 5
      vertex -24.5345 6.574 0
    endloop
  endfacet
  facet normal -0.972375 0.233423 0
    outer loop
      vertex -24.5345 6.574 5
      vertex -24.8449 5.28096 0
      vertex -24.8449 5.28096 5
    endloop
  endfacet
  facet normal -0.522502 0.852638 0
    outer loop
      vertex -12.7 21.997 0
      vertex -13.8338 21.3022 5
      vertex -12.7 21.997 5
    endloop
  endfacet
  facet normal -0.522502 0.852638 0
    outer loop
      vertex -13.8338 21.3022 5
      vertex -12.7 21.997 0
      vertex -13.8338 21.3022 0
    endloop
  endfacet
  facet normal -0.608747 0.793364 0
    outer loop
      vertex -14.9297 20.549 0
      vertex -15.9847 19.7395 5
      vertex -14.9297 20.549 5
    endloop
  endfacet
  facet normal -0.608747 0.793364 0
    outer loop
      vertex -15.9847 19.7395 5
      vertex -14.9297 20.549 0
      vertex -15.9847 19.7395 0
    endloop
  endfacet
  facet normal -0.284028 0.958816 0
    outer loop
      vertex -6.574 24.5345 0
      vertex -7.84903 24.1568 5
      vertex -6.574 24.5345 5
    endloop
  endfacet
  facet normal -0.284028 0.958816 0
    outer loop
      vertex -7.84903 24.1568 5
      vertex -6.574 24.5345 0
      vertex -7.84903 24.1568 0
    endloop
  endfacet
  facet normal -0.0784336 0.996919 0
    outer loop
      vertex -1.32933 25.3652 0
      vertex -2.65502 25.2609 5
      vertex -1.32933 25.3652 5
    endloop
  endfacet
  facet normal -0.0784336 0.996919 0
    outer loop
      vertex -2.65502 25.2609 5
      vertex -1.32933 25.3652 0
      vertex -2.65502 25.2609 0
    endloop
  endfacet
  facet normal 0.991442 -0.130546 0
    outer loop
      vertex 25.0873 -3.97344 5
      vertex 25.2609 -2.65502 0
      vertex 25.2609 -2.65502 5
    endloop
  endfacet
  facet normal 0.991442 -0.130546 0
    outer loop
      vertex 25.2609 -2.65502 0
      vertex 25.0873 -3.97344 5
      vertex 25.0873 -3.97344 0
    endloop
  endfacet
  facet normal -0.923901 -0.382631 0
    outer loop
      vertex -23.2041 -10.3311 0
      vertex -23.7129 -9.10255 5
      vertex -23.7129 -9.10255 0
    endloop
  endfacet
  facet normal -0.923901 -0.382631 0
    outer loop
      vertex -23.7129 -9.10255 5
      vertex -23.2041 -10.3311 0
      vertex -23.2041 -10.3311 5
    endloop
  endfacet
  facet normal 0 0 -1
    outer loop
      vertex 25.3652 -1.32933 0
      vertex 25.3652 1.32933 0
      vertex 25.4 0 0
    endloop
  endfacet
  facet normal 0 0 -1
    outer loop
      vertex 25.2609 -2.65502 0
      vertex 25.3652 1.32933 0
      vertex 25.3652 -1.32933 0
    endloop
  endfacet
  facet normal 0 0 -1
    outer loop
      vertex 25.2609 -2.65502 0
      vertex 25.2609 2.65502 0
      vertex 25.3652 1.32933 0
    endloop
  endfacet
  facet normal 0 0 -1
    outer loop
      vertex 25.0873 -3.97344 0
      vertex 25.2609 2.65502 0
      vertex 25.2609 -2.65502 0
    endloop
  endfacet
  facet normal 0 0 -1
    outer loop
      vertex 25.0873 -3.97344 0
      vertex 25.0873 3.97344 0
      vertex 25.2609 2.65502 0
    endloop
  endfacet
  facet normal 0 0 -1
    outer loop
      vertex 24.8449 -5.28096 0
      vertex 25.0873 3.97344 0
      vertex 25.0873 -3.97344 0
    endloop
  endfacet
  facet normal 0 0 -1
    outer loop
      vertex 24.8449 -5.28096 0
      vertex 24.8449 5.28096 0
      vertex 25.0873 3.97344 0
    endloop
  endfacet
  facet normal 0 0 -1
    outer loop
      vertex 24.5345 -6.574 0
      vertex 24.8449 5.28096 0
      vertex 24.8449 -5.28096 0
    endloop
  endfacet
  facet normal 0 0 -1
    outer loop
      vertex 24.5345 -6.574 0
      vertex 24.5345 6.574 0
      vertex 24.8449 5.28096 0
    endloop
  endfacet
  facet normal 0 0 -1
    outer loop
      vertex 24.1568 -7.84903 0
      vertex 24.5345 6.574 0
      vertex 24.5345 -6.574 0
    endloop
  endfacet
  facet normal 0 0 -1
    outer loop
      vertex 24.1568 -7.84903 0
      vertex 24.1568 7.84903 0
      vertex 24.5345 6.574 0
    endloop
  endfacet
  facet normal 0 0 -1
    outer loop
      vertex 23.7129 -9.10255 0
      vertex 24.1568 7.84903 0
      vertex 24.1568 -7.84903 0
    endloop
  endfacet
  facet normal 0 0 -1
    outer loop
      vertex 23.7129 -9.10255 0
      vertex 23.7129 9.10255 0
      vertex 24.1568 7.84903 0
    endloop
  endfacet
  facet normal 0 0 -1
    outer loop
      vertex 23.2041 -10.3311 0
      vertex 23.7129 9.10255 0
      vertex 23.7129 -9.10255 0
    endloop
  endfacet
  facet normal 0 0 -1
    outer loop
      vertex 23.2041 -10.3311 0
      vertex 23.2041 10.3311 0
      vertex 23.7129 9.10255 0
    endloop
  endfacet
  facet normal 0 0 -1
    outer loop
      vertex 22.6316 -11.5314 0
      vertex 23.2041 10.3311 0
      vertex 23.2041 -10.3311 0
    endloop
  endfacet
  facet normal 0 0 -1
    outer loop
      vertex 22.6316 -11.5314 0
      vertex 22.6316 11.5314 0
      vertex 23.2041 10.3311 0
    endloop
  endfacet
  facet normal 0 0 -1
    outer loop
      vertex 21.997 -12.7 0
      vertex 22.6316 11.5314 0
      vertex 22.6316 -11.5314 0
    endloop
  endfacet
  facet normal 0 0 -1
    outer loop
      vertex 21.997 -12.7 0
      vertex 21.997 12.7 0
      vertex 22.6316 11.5314 0
    endloop
  endfacet
  facet normal 0 0 -1
    outer loop
      vertex 21.3022 -13.8338 0
      vertex 21.997 12.7 0
      vertex 21.997 -12.7 0
    endloop
  endfacet
  facet normal 0 0 -1
    outer loop
      vertex 21.3022 -13.8338 0
      vertex 21.3022 13.8338 0
      vertex 21.997 12.7 0
    endloop
  endfacet
  facet normal 0 0 -1
    outer loop
      vertex 20.549 -14.9297 0
      vertex 21.3022 13.8338 0
      vertex 21.3022 -13.8338 0
    endloop
  endfacet
  facet normal 0 0 -1
    outer loop
      vertex 20.549 -14.9297 0
      vertex 20.549 14.9297 0
      vertex 21.3022 13.8338 0
    endloop
  endfacet
  facet normal 0 0 -1
    outer loop
      vertex 19.7395 -15.9847 0
      vertex 20.549 14.9297 0
      vertex 20.549 -14.9297 0
    endloop
  endfacet
  facet normal 0 0 -1
    outer loop
      vertex 19.7395 -15.9847 0
      vertex 19.7395 15.9847 0
      vertex 20.549 14.9297 0
    endloop
  endfacet
  facet normal 0 0 -1
    outer loop
      vertex 18.8759 -16.9959 0
      vertex 19.7395 15.9847 0
      vertex 19.7395 -15.9847 0
    endloop
  endfacet
  facet normal 0 0 -1
    outer loop
      vertex 18.8759 -16.9959 0
      vertex 18.8759 16.9959 0
      vertex 19.7395 15.9847 0
    endloop
  endfacet
  facet normal 0 0 -1
    outer loop
      vertex 17.9605 -17.9605 0
      vertex 18.8759 16.9959 0
      vertex 18.8759 -16.9959 0
    endloop
  endfacet
  facet normal 0 0 -1
    outer loop
      vertex 17.9605 -17.9605 0
      vertex 17.9605 17.9605 0
      vertex 18.8759 16.9959 0
    endloop
  endfacet
  facet normal 0 0 -1
    outer loop
      vertex 16.9959 -18.8759 0
      vertex 17.9605 17.9605 0
      vertex 17.9605 -17.9605 0
    endloop
  endfacet
  facet normal 0 0 -1
    outer loop
      vertex 16.9959 -18.8759 0
      vertex 16.9959 18.8759 0
      vertex 17.9605 17.9605 0
    endloop
  endfacet
  facet normal 0 0 -1
    outer loop
      vertex 15.9847 -19.7395 0
      vertex 16.9959 18.8759 0
      vertex 16.9959 -18.8759 0
    endloop
  endfacet
  facet normal 0 0 -1
    outer loop
      vertex 15.9847 -19.7395 0
      vertex 15.9847 19.7395 0
      vertex 16.9959 18.8759 0
    endloop
  endfacet
  facet normal 0 0 -1
    outer loop
      vertex 14.9297 -20.549 0
      vertex 15.9847 19.7395 0
      vertex 15.9847 -19.7395 0
    endloop
  endfacet
  facet normal 0 0 -1
    outer loop
      vertex 14.9297 -20.549 0
      vertex 14.9297 20.549 0
      vertex 15.9847 19.7395 0
    endloop
  endfacet
  facet normal 0 0 -1
    outer loop
      vertex 13.8338 -21.3022 0
      vertex 14.9297 20.549 0
      vertex 14.9297 -20.549 0
    endloop
  endfacet
  facet normal 0 0 -1
    outer loop
      vertex 13.8338 -21.3022 0
      vertex 13.8338 21.3022 0
      vertex 14.9297 20.549 0
    endloop
  endfacet
  facet normal 0 0 -1
    outer loop
      vertex 12.7 -21.997 0
      vertex 13.8338 21.3022 0
      vertex 13.8338 -21.3022 0
    endloop
  endfacet
  facet normal 0 0 -1
    outer loop
      vertex 12.7 -21.997 0
      vertex 12.7 21.997 0
      vertex 13.8338 21.3022 0
    endloop
  endfacet
  facet normal 0 0 -1
    outer loop
      vertex 11.5314 -22.6316 0
      vertex 12.7 21.997 0
      vertex 12.7 -21.997 0
    endloop
  endfacet
  facet normal 0 0 -1
    outer loop
      vertex 11.5314 -22.6316 0
      vertex 11.5314 22.6316 0
      vertex 12.7 21.997 0
    endloop
  endfacet
  facet normal 0 0 -1
    outer loop
      vertex 10.3311 -23.2041 0
      vertex 11.5314 22.6316 0
      vertex 11.5314 -22.6316 0
    endloop
  endfacet
  facet normal 0 0 -1
    outer loop
      vertex 10.3311 -23.2041 0
      vertex 10.3311 23.2041 0
      vertex 11.5314 22.6316 0
    endloop
  endfacet
  facet normal 0 0 -1
    outer loop
      vertex 9.10255 -23.7129 0
      vertex 10.3311 23.2041 0
      vertex 10.3311 -23.2041 0
    endloop
  endfacet
  facet normal 0 0 -1
    outer loop
      vertex 9.10255 -23.7129 0
      vertex 9.10255 23.7129 0
      vertex 10.3311 23.2041 0
    endloop
  endfacet
  facet normal 0 0 -1
    outer loop
      vertex 7.84903 -24.1568 0
      vertex 9.10255 23.7129 0
      vertex 9.10255 -23.7129 0
    endloop
  endfacet
  facet normal 0 0 -1
    outer loop
      vertex 7.84903 -24.1568 0
      vertex 7.84903 24.1568 0
      vertex 9.10255 23.7129 0
    endloop
  endfacet
  facet normal 0 0 -1
    outer loop
      vertex 6.574 -24.5345 0
      vertex 7.84903 24.1568 0
      vertex 7.84903 -24.1568 0
    endloop
  endfacet
  facet normal 0 0 -1
    outer loop
      vertex 6.574 -24.5345 0
      vertex 6.574 24.5345 0
      vertex 7.84903 24.1568 0
    endloop
  endfacet
  facet normal 0 0 -1
    outer loop
      vertex 5.28096 -24.8449 0
      vertex 6.574 24.5345 0
      vertex 6.574 -24.5345 0
    endloop
  endfacet
  facet normal 0 0 -1
    outer loop
      vertex 5.28096 -24.8449 0
      vertex 5.28096 24.8449 0
      vertex 6.574 24.5345 0
    endloop
  endfacet
  facet normal 0 0 -1
    outer loop
      vertex 3.97344 -25.0873 0
      vertex 5.28096 24.8449 0
      vertex 5.28096 -24.8449 0
    endloop
  endfacet
  facet normal 0 0 -1
    outer loop
      vertex 3.97344 -25.0873 0
      vertex 3.97344 25.0873 0
      vertex 5.28096 24.8449 0
    endloop
  endfacet
  facet normal 0 0 -1
    outer loop
      vertex 2.65502 -25.2609 0
      vertex 3.97344 25.0873 0
      vertex 3.97344 -25.0873 0
    endloop
  endfacet
  facet normal 0 0 -1
    outer loop
      vertex 2.65502 -25.2609 0
      vertex 2.65502 25.2609 0
      vertex 3.97344 25.0873 0
    endloop
  endfacet
  facet normal 0 0 -1
    outer loop
      vertex 1.32933 -25.3652 0
      vertex 2.65502 25.2609 0
      vertex 2.65502 -25.2609 0
    endloop
  endfacet
  facet normal 0 0 -1
    outer loop
      vertex 1.32933 -25.3652 0
      vertex 1.32933 25.3652 0
      vertex 2.65502 25.2609 0
    endloop
  endfacet
  facet normal 0 0 -1
    outer loop
      vertex 0 -25.4 0
      vertex 1.32933 25.3652 0
      vertex 1.32933 -25.3652 0
    endloop
  endfacet
  facet normal 0 0 -1
    outer loop
      vertex 0 -25.4 0
      vertex 0 25.4 0
      vertex 1.32933 25.3652 0
    endloop
  endfacet
  facet normal 0 0 -1
    outer loop
      vertex -1.32933 -25.3652 0
      vertex 0 25.4 0
      vertex 0 -25.4 0
    endloop
  endfacet
  facet normal 0 0 -1
    outer loop
      vertex -1.32933 -25.3652 0
      vertex -1.32933 25.3652 0
      vertex 0 25.4 0
    endloop
  endfacet
  facet normal 0 0 -1
    outer loop
      vertex -2.65502 -25.2609 0
      vertex -1.32933 25.3652 0
      vertex -1.32933 -25.3652 0
    endloop
  endfacet
  facet normal 0 0 -1
    outer loop
      vertex -2.65502 -25.2609 0
      vertex -2.65502 25.2609 0
      vertex -1.32933 25.3652 0
    endloop
  endfacet
  facet normal 0 0 -1
    outer loop
      vertex -3.97344 -25.0873 0
      vertex -2.65502 25.2609 0
      vertex -2.65502 -25.2609 0
    endloop
  endfacet
  facet normal 0 0 -1
    outer loop
      vertex -3.97344 -25.0873 0
      vertex -3.97344 25.0873 0
      vertex -2.65502 25.2609 0
    endloop
  endfacet
  facet normal 0 0 -1
    outer loop
      vertex -5.28096 -24.8449 0
      vertex -3.97344 25.0873 0
      vertex -3.97344 -25.0873 0
    endloop
  endfacet
  facet normal 0 0 -1
    outer loop
      vertex -5.28096 -24.8449 0
      vertex -5.28096 24.8449 0
      vertex -3.97344 25.0873 0
    endloop
  endfacet
  facet normal 0 0 -1
    outer loop
      vertex -6.574 -24.5345 0
      vertex -5.28096 24.8449 0
      vertex -5.28096 -24.8449 0
    endloop
  endfacet
  facet normal 0 0 -1
    outer loop
      vertex -6.574 -24.5345 0
      vertex -6.574 24.5345 0
      vertex -5.28096 24.8449 0
    endloop
  endfacet
  facet normal 0 0 -1
    outer loop
      vertex -7.84903 -24.1568 0
      vertex -6.574 24.5345 0
      vertex -6.574 -24.5345 0
    endloop
  endfacet
  facet normal 0 0 -1
    outer loop
      vertex -7.84903 -24.1568 0
      vertex -7.84903 24.1568 0
      vertex -6.574 24.5345 0
    endloop
  endfacet
  facet normal 0 0 -1
    outer loop
      vertex -9.10255 -23.7129 0
      vertex -7.84903 24.1568 0
      vertex -7.84903 -24.1568 0
    endloop
  endfacet
  facet normal 0 0 -1
    outer loop
      vertex -9.10255 -23.7129 0
      vertex -9.10255 23.7129 0
      vertex -7.84903 24.1568 0
    endloop
  endfacet
  facet normal 0 0 -1
    outer loop
      vertex -10.3311 -23.2041 0
      vertex -9.10255 23.7129 0
      vertex -9.10255 -23.7129 0
    endloop
  endfacet
  facet normal 0 0 -1
    outer loop
      vertex -10.3311 -23.2041 0
      vertex -10.3311 23.2041 0
      vertex -9.10255 23.7129 0
    endloop
  endfacet
  facet normal 0 0 -1
    outer loop
      vertex -11.5314 -22.6316 0
      vertex -10.3311 23.2041 0
      vertex -10.3311 -23.2041 0
    endloop
  endfacet
  facet normal 0 0 -1
    outer loop
      vertex -11.5314 -22.6316 0
      vertex -11.5314 22.6316 0
      vertex -10.3311 23.2041 0
    endloop
  endfacet
  facet normal 0 0 -1
    outer loop
      vertex -12.7 -21.997 0
      vertex -11.5314 22.6316 0
      vertex -11.5314 -22.6316 0
    endloop
  endfacet
  facet normal 0 0 -1
    outer loop
      vertex -12.7 -21.997 0
      vertex -12.7 21.997 0
      vertex -11.5314 22.6316 0
    endloop
  endfacet
  facet normal 0 0 -1
    outer loop
      vertex -13.8338 -21.3022 0
      vertex -12.7 21.997 0
      vertex -12.7 -21.997 0
    endloop
  endfacet
  facet normal 0 0 -1
    outer loop
      vertex -13.8338 -21.3022 0
      vertex -13.8338 21.3022 0
      vertex -12.7 21.997 0
    endloop
  endfacet
  facet normal 0 0 -1
    outer loop
      vertex -14.9297 -20.549 0
      vertex -13.8338 21.3022 0
      vertex -13.8338 -21.3022 0
    endloop
  endfacet
  facet normal 0 0 -1
    outer loop
      vertex -14.9297 -20.549 0
      vertex -14.9297 20.549 0
      vertex -13.8338 21.3022 0
    endloop
  endfacet
  facet normal 0 0 -1
    outer loop
      vertex -15.9847 -19.7395 0
      vertex -14.9297 20.549 0
      vertex -14.9297 -20.549 0
    endloop
  endfacet
  facet normal 0 0 -1
    outer loop
      vertex -15.9847 -19.7395 0
      vertex -15.9847 19.7395 0
      vertex -14.9297 20.549 0
    endloop
  endfacet
  facet normal 0 0 -1
    outer loop
      vertex -16.9959 -18.8759 0
      vertex -15.9847 19.7395 0
      vertex -15.9847 -19.7395 0
    endloop
  endfacet
  facet normal 0 0 -1
    outer loop
      vertex -16.9959 -18.8759 0
      vertex -16.9959 18.8759 0
      vertex -15.9847 19.7395 0
    endloop
  endfacet
  facet normal 0 0 -1
    outer loop
      vertex -17.9605 -17.9605 0
      vertex -16.9959 18.8759 0
      vertex -16.9959 -18.8759 0
    endloop
  endfacet
  facet normal 0 0 -1
    outer loop
      vertex -17.9605 -17.9605 0
      vertex -17.9605 17.9605 0
      vertex -16.9959 18.8759 0
    endloop
  endfacet
  facet normal 0 0 -1
    outer loop
      vertex -18.8759 -16.9959 0
      vertex -17.9605 17.9605 0
      vertex -17.9605 -17.9605 0
    endloop
  endfacet
  facet normal 0 0 -1
    outer loop
      vertex -18.8759 -16.9959 0
      vertex -18.8759 16.9959 0
      vertex -17.9605 17.9605 0
    endloop
  endfacet
  facet normal 0 0 -1
    outer loop
      vertex -19.7395 -15.9847 0
      vertex -18.8759 16.9959 0
      vertex -18.8759 -16.9959 0
    endloop
  endfacet
  facet normal 0 0 -1
    outer loop
      vertex -19.7395 -15.9847 0
      vertex -19.7395 15.9847 0
      vertex -18.8759 16.9959 0
    endloop
  endfacet
  facet normal 0 0 -1
    outer loop
      vertex -20.549 -14.9297 0
      vertex -19.7395 15.9847 0
      vertex -19.7395 -15.9847 0
    endloop
  endfacet
  facet normal 0 0 -1
    outer loop
      vertex -20.549 -14.9297 0
      vertex -20.549 14.9297 0
      vertex -19.7395 15.9847 0
    endloop
  endfacet
  facet normal 0 0 -1
    outer loop
      vertex -21.3022 -13.8338 0
      vertex -20.549 14.9297 0
      vertex -20.549 -14.9297 0
    endloop
  endfacet
  facet normal 0 0 -1
    outer loop
      vertex -21.3022 -13.8338 0
      vertex -21.3022 13.8338 0
      vertex -20.549 14.9297 0
    endloop
  endfacet
  facet normal 0 0 -1
    outer loop
      vertex -21.997 -12.7 0
      vertex -21.3022 13.8338 0
      vertex -21.3022 -13.8338 0
    endloop
  endfacet
  facet normal 0 0 -1
    outer loop
      vertex -21.997 -12.7 0
      vertex -21.997 12.7 0
      vertex -21.3022 13.8338 0
    endloop
  endfacet
  facet normal 0 0 -1
    outer loop
      vertex -22.6316 -11.5314 0
      vertex -21.997 12.7 0
      vertex -21.997 -12.7 0
    endloop
  endfacet
  facet normal 0 0 -1
    outer loop
      vertex -22.6316 -11.5314 0
      vertex -22.6316 11.5314 0
      vertex -21.997 12.7 0
    endloop
  endfacet
  facet normal 0 0 -1
    outer loop
      vertex -23.2041 -10.3311 0
      vertex -22.6316 11.5314 0
      vertex -22.6316 -11.5314 0
    endloop
  endfacet
  facet normal 0 0 -1
    outer loop
      vertex -23.2041 -10.3311 0
      vertex -23.2041 10.3311 0
      vertex -22.6316 11.5314 0
    endloop
  endfacet
  facet normal 0 0 -1
    outer loop
      vertex -23.7129 -9.10255 0
      vertex -23.2041 10.3311 0
      vertex -23.2041 -10.3311 0
    endloop
  endfacet
  facet normal 0 0 -1
    outer loop
      vertex -23.7129 -9.10255 0
      vertex -23.7129 9.10255 0
      vertex -23.2041 10.3311 0
    endloop
  endfacet
  facet normal 0 0 -1
    outer loop
      vertex -24.1568 -7.84903 0
      vertex -23.7129 9.10255 0
      vertex -23.7129 -9.10255 0
    endloop
  endfacet
  facet normal 0 0 -1
    outer loop
      vertex -24.1568 -7.84903 0
      vertex -24.1568 7.84903 0
      vertex -23.7129 9.10255 0
    endloop
  endfacet
  facet normal 0 0 -1
    outer loop
      vertex -24.5345 -6.574 0
      vertex -24.1568 7.84903 0
      vertex -24.1568 -7.84903 0
    endloop
  endfacet
  facet normal 0 0 -1
    outer loop
      vertex -24.5345 -6.574 0
      vertex -24.5345 6.574 0
      vertex -24.1568 7.84903 0
    endloop
  endfacet
  facet normal 0 0 -1
    outer loop
      vertex -24.8449 -5.28096 0
      vertex -24.5345 6.574 0
      vertex -24.5345 -6.574 0
    endloop
  endfacet
  facet normal 0 0 -1
    outer loop
      vertex -24.8449 -5.28096 0
      vertex -24.8449 5.28096 0
      vertex -24.5345 6.574 0
    endloop
  endfacet
  facet normal 0 0 -1
    outer loop
      vertex -25.0873 -3.97344 0
      vertex -24.8449 5.28096 0
      vertex -24.8449 -5.28096 0
    endloop
  endfacet
  facet normal 0 0 -1
    outer loop
      vertex -25.0873 -3.97344 0
      vertex -25.0873 3.97344 0
      vertex -24.8449 5.28096 0
    endloop
  endfacet
  facet normal 0 0 -1
    outer loop
      vertex -25.2609 -2.65502 0
      vertex -25.0873 3.97344 0
      vertex -25.0873 -3.97344 0
    endloop
  endfacet
  facet normal 0 0 -1
    outer loop
      vertex -25.2609 -2.65502 0
      vertex -25.2609 2.65502 0
      vertex -25.0873 3.97344 0
    endloop
  endfacet
  facet normal 0 0 -1
    outer loop
      vertex -25.3652 -1.32933 0
      vertex -25.2609 2.65502 0
      vertex -25.2609 -2.65502 0
    endloop
  endfacet
  facet normal 0 0 -1
    outer loop
      vertex -25.3652 -1.32933 0
      vertex -25.3652 1.32933 0
      vertex -25.2609 2.65502 0
    endloop
  endfacet
  facet normal 0 -0 -1
    outer loop
      vertex -25.3652 1.32933 0
      vertex -25.3652 -1.32933 0
      vertex -25.4 0 0
    endloop
  endfacet
  facet normal 0.983246 0.182283 0
    outer loop
      vertex 25.0873 3.97344 5
      vertex 24.8449 5.28096 0
      vertex 24.8449 5.28096 5
    endloop
  endfacet
  facet normal 0.983246 0.182283 0
    outer loop
      vertex 24.8449 5.28096 0
      vertex 25.0873 3.97344 5
      vertex 25.0873 3.97344 0
    endloop
  endfacet
  facet normal 0.991442 0.130546 0
    outer loop
      vertex 25.2609 2.65502 5
      vertex 25.0873 3.97344 0
      vertex 25.0873 3.97344 5
    endloop
  endfacet
  facet normal 0.991442 0.130546 0
    outer loop
      vertex 25.0873 3.97344 0
      vertex 25.2609 2.65502 5
      vertex 25.2609 2.65502 0
    endloop
  endfacet
  facet normal 0.958816 0.284028 0
    outer loop
      vertex 24.5345 6.574 5
      vertex 24.1568 7.84903 0
      vertex 24.1568 7.84903 5
    endloop
  endfacet
  facet normal 0.958816 0.284028 0
    outer loop
      vertex 24.1568 7.84903 0
      vertex 24.5345 6.574 5
      vertex 24.5345 6.574 0
    endloop
  endfacet
  facet normal 0.793364 0.608747 0
    outer loop
      vertex 20.549 14.9297 5
      vertex 19.7395 15.9847 0
      vertex 19.7395 15.9847 5
    endloop
  endfacet
  facet normal 0.793364 0.608747 0
    outer loop
      vertex 19.7395 15.9847 0
      vertex 20.549 14.9297 5
      vertex 20.549 14.9297 0
    endloop
  endfacet
  facet normal 0.824123 0.566411 0
    outer loop
      vertex 21.3022 13.8338 5
      vertex 20.549 14.9297 0
      vertex 20.549 14.9297 5
    endloop
  endfacet
  facet normal 0.824123 0.566411 0
    outer loop
      vertex 20.549 14.9297 0
      vertex 21.3022 13.8338 5
      vertex 21.3022 13.8338 0
    endloop
  endfacet
  facet normal 0.852638 0.522502 0
    outer loop
      vertex 21.997 12.7 5
      vertex 21.3022 13.8338 0
      vertex 21.3022 13.8338 5
    endloop
  endfacet
  facet normal 0.852638 0.522502 0
    outer loop
      vertex 21.3022 13.8338 0
      vertex 21.997 12.7 5
      vertex 21.997 12.7 0
    endloop
  endfacet
  facet normal 0.902589 0.430503 0
    outer loop
      vertex 23.2041 10.3311 5
      vertex 22.6316 11.5314 0
      vertex 22.6316 11.5314 5
    endloop
  endfacet
  facet normal 0.902589 0.430503 0
    outer loop
      vertex 22.6316 11.5314 0
      vertex 23.2041 10.3311 5
      vertex 23.2041 10.3311 0
    endloop
  endfacet
  facet normal 0.130546 0.991442 -0
    outer loop
      vertex 3.97344 25.0873 0
      vertex 2.65502 25.2609 5
      vertex 3.97344 25.0873 5
    endloop
  endfacet
  facet normal 0.130546 0.991442 0
    outer loop
      vertex 2.65502 25.2609 5
      vertex 3.97344 25.0873 0
      vertex 2.65502 25.2609 0
    endloop
  endfacet
  facet normal 0.284028 0.958816 -0
    outer loop
      vertex 7.84903 24.1568 0
      vertex 6.574 24.5345 5
      vertex 7.84903 24.1568 5
    endloop
  endfacet
  facet normal 0.284028 0.958816 0
    outer loop
      vertex 6.574 24.5345 5
      vertex 7.84903 24.1568 0
      vertex 6.574 24.5345 0
    endloop
  endfacet
  facet normal 0.182283 0.983246 -0
    outer loop
      vertex 5.28096 24.8449 0
      vertex 3.97344 25.0873 5
      vertex 5.28096 24.8449 5
    endloop
  endfacet
  facet normal 0.182283 0.983246 0
    outer loop
      vertex 3.97344 25.0873 5
      vertex 5.28096 24.8449 0
      vertex 3.97344 25.0873 0
    endloop
  endfacet
  facet normal 0.0784336 0.996919 -0
    outer loop
      vertex 2.65502 25.2609 0
      vertex 1.32933 25.3652 5
      vertex 2.65502 25.2609 5
    endloop
  endfacet
  facet normal 0.0784336 0.996919 0
    outer loop
      vertex 1.32933 25.3652 5
      vertex 2.65502 25.2609 0
      vertex 1.32933 25.3652 0
    endloop
  endfacet
  facet normal 0.382631 0.923901 -0
    outer loop
      vertex 10.3311 23.2041 0
      vertex 9.10255 23.7129 5
      vertex 10.3311 23.2041 5
    endloop
  endfacet
  facet normal 0.382631 0.923901 0
    outer loop
      vertex 9.10255 23.7129 5
      vertex 10.3311 23.2041 0
      vertex 9.10255 23.7129 0
    endloop
  endfacet
  facet normal 0.522502 0.852638 -0
    outer loop
      vertex 13.8338 21.3022 0
      vertex 12.7 21.997 5
      vertex 13.8338 21.3022 5
    endloop
  endfacet
  facet normal 0.522502 0.852638 0
    outer loop
      vertex 12.7 21.997 5
      vertex 13.8338 21.3022 0
      vertex 12.7 21.997 0
    endloop
  endfacet
  facet normal 0.566411 0.824123 -0
    outer loop
      vertex 14.9297 20.549 0
      vertex 13.8338 21.3022 5
      vertex 14.9297 20.549 5
    endloop
  endfacet
  facet normal 0.566411 0.824123 0
    outer loop
      vertex 13.8338 21.3022 5
      vertex 14.9297 20.549 0
      vertex 13.8338 21.3022 0
    endloop
  endfacet
  facet normal 0.608747 0.793364 -0
    outer loop
      vertex 15.9847 19.7395 0
      vertex 14.9297 20.549 5
      vertex 15.9847 19.7395 5
    endloop
  endfacet
  facet normal 0.608747 0.793364 0
    outer loop
      vertex 14.9297 20.549 5
      vertex 15.9847 19.7395 0
      vertex 14.9297 20.549 0
    endloop
  endfacet
  facet normal 0.688366 0.725364 -0
    outer loop
      vertex 17.9605 17.9605 0
      vertex 16.9959 18.8759 5
      vertex 17.9605 17.9605 5
    endloop
  endfacet
  facet normal 0.688366 0.725364 0
    outer loop
      vertex 16.9959 18.8759 5
      vertex 17.9605 17.9605 0
      vertex 16.9959 18.8759 0
    endloop
  endfacet
  facet normal -0.991442 0.130546 0
    outer loop
      vertex -25.2609 2.65502 0
      vertex -25.0873 3.97344 5
      vertex -25.0873 3.97344 0
    endloop
  endfacet
  facet normal -0.991442 0.130546 0
    outer loop
      vertex -25.0873 3.97344 5
      vertex -25.2609 2.65502 0
      vertex -25.2609 2.65502 5
    endloop
  endfacet
  facet normal -0.725364 0.688366 0
    outer loop
      vertex -18.8759 16.9959 0
      vertex -17.9605 17.9605 5
      vertex -17.9605 17.9605 0
    endloop
  endfacet
  facet normal -0.725364 0.688366 0
    outer loop
      vertex -17.9605 17.9605 5
      vertex -18.8759 16.9959 0
      vertex -18.8759 16.9959 5
    endloop
  endfacet
  facet normal -0.878785 0.477218 0
    outer loop
      vertex -22.6316 11.5314 0
      vertex -21.997 12.7 5
      vertex -21.997 12.7 0
    endloop
  endfacet
  facet normal -0.878785 0.477218 0
    outer loop
      vertex -21.997 12.7 5
      vertex -22.6316 11.5314 0
      vertex -22.6316 11.5314 5
    endloop
  endfacet
  facet normal -0.923901 0.382631 0
    outer loop
      vertex -23.7129 9.10255 0
      vertex -23.2041 10.3311 5
      vertex -23.2041 10.3311 0
    endloop
  endfacet
  facet normal -0.923901 0.382631 0
    outer loop
      vertex -23.2041 10.3311 5
      vertex -23.7129 9.10255 0
      vertex -23.7129 9.10255 5
    endloop
  endfacet
  facet normal -0.958816 0.284028 0
    outer loop
      vertex -24.5345 6.574 0
      vertex -24.1568 7.84903 5
      vertex -24.1568 7.84903 0
    endloop
  endfacet
  facet normal -0.958816 0.284028 0
    outer loop
      vertex -24.1568 7.84903 5
      vertex -24.5345 6.574 0
      vertex -24.5345 6.574 5
    endloop
  endfacet
  facet normal -0.983246 0.182283 0
    outer loop
      vertex -25.0873 3.97344 0
      vertex -24.8449 5.28096 5
      vertex -24.8449 5.28096 0
    endloop
  endfacet
  facet normal -0.983246 0.182283 0
    outer loop
      vertex -24.8449 5.28096 5
      vertex -25.0873 3.97344 0
      vertex -25.0873 3.97344 5
    endloop
  endfacet
  facet normal -0.996919 0.0784336 0
    outer loop
      vertex -25.3652 1.32933 0
      vertex -25.2609 2.65502 5
      vertex -25.2609 2.65502 0
    endloop
  endfacet
  facet normal -0.996919 0.0784336 0
    outer loop
      vertex -25.2609 2.65502 5
      vertex -25.3652 1.32933 0
      vertex -25.3652 1.32933 5
    endloop
  endfacet
  facet normal 0 0 1
    outer loop
      vertex 22.8937 0 5
      vertex 25.4 0 5
      vertex 25.3652 1.32933 5
    endloop
  endfacet
  facet normal 0 0 1
    outer loop
      vertex 22.8624 1.19817 5
      vertex 25.3652 1.32933 5
      vertex 25.2609 2.65502 5
    endloop
  endfacet
  facet normal 0 0 1
    outer loop
      vertex 25.4 0 5
      vertex 22.8937 0 5
      vertex 25.3652 -1.32933 5
    endloop
  endfacet
  facet normal 0 0 1
    outer loop
      vertex 22.7683 2.39305 5
      vertex 25.2609 2.65502 5
      vertex 25.0873 3.97344 5
    endloop
  endfacet
  facet normal -0 0 1
    outer loop
      vertex 22.8624 -1.19817 5
      vertex 25.3652 -1.32933 5
      vertex 22.8937 0 5
    endloop
  endfacet
  facet normal 0 0 1
    outer loop
      vertex 22.6119 3.58137 5
      vertex 25.0873 3.97344 5
      vertex 24.8449 5.28096 5
    endloop
  endfacet
  facet normal 0 0 1
    outer loop
      vertex 25.3652 -1.32933 5
      vertex 22.8624 -1.19817 5
      vertex 25.2609 -2.65502 5
    endloop
  endfacet
  facet normal 0 0 1
    outer loop
      vertex 22.3935 4.75988 5
      vertex 24.8449 5.28096 5
      vertex 24.5345 6.574 5
    endloop
  endfacet
  facet normal -0 0 1
    outer loop
      vertex 22.7683 -2.39305 5
      vertex 25.2609 -2.65502 5
      vertex 22.8624 -1.19817 5
    endloop
  endfacet
  facet normal 0 0 1
    outer loop
      vertex 22.1137 5.92534 5
      vertex 24.5345 6.574 5
      vertex 24.1568 7.84903 5
    endloop
  endfacet
  facet normal 0 0 1
    outer loop
      vertex 25.2609 -2.65502 5
      vertex 22.7683 -2.39305 5
      vertex 25.0873 -3.97344 5
    endloop
  endfacet
  facet normal 0 0 1
    outer loop
      vertex 21.7733 7.07456 5
      vertex 24.1568 7.84903 5
      vertex 23.7129 9.10255 5
    endloop
  endfacet
  facet normal -0 0 1
    outer loop
      vertex 22.6119 -3.58137 5
      vertex 25.0873 -3.97344 5
      vertex 22.7683 -2.39305 5
    endloop
  endfacet
  facet normal 0 0 1
    outer loop
      vertex 21.3732 8.20439 5
      vertex 23.7129 9.10255 5
      vertex 23.2041 10.3311 5
    endloop
  endfacet
  facet normal 0 0 1
    outer loop
      vertex 25.0873 -3.97344 5
      vertex 22.6119 -3.58137 5
      vertex 24.8449 -5.28096 5
    endloop
  endfacet
  facet normal -0 0 1
    outer loop
      vertex 22.3935 -4.75988 5
      vertex 24.8449 -5.28096 5
      vertex 22.6119 -3.58137 5
    endloop
  endfacet
  facet normal 0 0 1
    outer loop
      vertex 25.3652 1.32933 5
      vertex 22.8624 1.19817 5
      vertex 22.8937 0 5
    endloop
  endfacet
  facet normal 0 0 1
    outer loop
      vertex 25.2609 2.65502 5
      vertex 22.7683 2.39305 5
      vertex 22.8624 1.19817 5
    endloop
  endfacet
  facet normal 0 0 1
    outer loop
      vertex 20.9145 9.31173 5
      vertex 23.2041 10.3311 5
      vertex 22.6316 11.5314 5
    endloop
  endfacet
  facet normal 0 0 1
    outer loop
      vertex 25.0873 3.97344 5
      vertex 22.6119 3.58137 5
      vertex 22.7683 2.39305 5
    endloop
  endfacet
  facet normal 0 0 1
    outer loop
      vertex 24.8449 5.28096 5
      vertex 22.3935 4.75988 5
      vertex 22.6119 3.58137 5
    endloop
  endfacet
  facet normal 0 0 1
    outer loop
      vertex 24.5345 6.574 5
      vertex 22.1137 5.92534 5
      vertex 22.3935 4.75988 5
    endloop
  endfacet
  facet normal 0 0 1
    outer loop
      vertex 20.3985 10.3935 5
      vertex 22.6316 11.5314 5
      vertex 21.997 12.7 5
    endloop
  endfacet
  facet normal 0 0 1
    outer loop
      vertex 24.1568 7.84903 5
      vertex 21.7733 7.07456 5
      vertex 22.1137 5.92534 5
    endloop
  endfacet
  facet normal 0 0 1
    outer loop
      vertex 23.7129 9.10255 5
      vertex 21.3732 8.20439 5
      vertex 21.7733 7.07456 5
    endloop
  endfacet
  facet normal 0 0 1
    outer loop
      vertex 19.8266 11.4469 5
      vertex 21.997 12.7 5
      vertex 21.3022 13.8338 5
    endloop
  endfacet
  facet normal 0 0 1
    outer loop
      vertex 23.2041 10.3311 5
      vertex 20.9145 9.31173 5
      vertex 21.3732 8.20439 5
    endloop
  endfacet
  facet normal 0 0 1
    outer loop
      vertex 19.2003 12.4688 5
      vertex 21.3022 13.8338 5
      vertex 20.549 14.9297 5
    endloop
  endfacet
  facet normal 0 0 1
    outer loop
      vertex 22.6316 11.5314 5
      vertex 20.3985 10.3935 5
      vertex 20.9145 9.31173 5
    endloop
  endfacet
  facet normal 0 0 1
    outer loop
      vertex 21.997 12.7 5
      vertex 19.8266 11.4469 5
      vertex 20.3985 10.3935 5
    endloop
  endfacet
  facet normal 0 0 1
    outer loop
      vertex 18.5214 13.4566 5
      vertex 20.549 14.9297 5
      vertex 19.7395 15.9847 5
    endloop
  endfacet
  facet normal 0 0 1
    outer loop
      vertex 21.3022 13.8338 5
      vertex 19.2003 12.4688 5
      vertex 19.8266 11.4469 5
    endloop
  endfacet
  facet normal 0 0 1
    outer loop
      vertex 17.7918 14.4075 5
      vertex 19.7395 15.9847 5
      vertex 18.8759 16.9959 5
    endloop
  endfacet
  facet normal 0 0 1
    outer loop
      vertex 20.549 14.9297 5
      vertex 18.5214 13.4566 5
      vertex 19.2003 12.4688 5
    endloop
  endfacet
  facet normal 0 0 1
    outer loop
      vertex 17.0134 15.3189 5
      vertex 18.8759 16.9959 5
      vertex 17.9605 17.9605 5
    endloop
  endfacet
  facet normal 0 0 1
    outer loop
      vertex 19.7395 15.9847 5
      vertex 17.7918 14.4075 5
      vertex 18.5214 13.4566 5
    endloop
  endfacet
  facet normal 0 0 1
    outer loop
      vertex 18.8759 16.9959 5
      vertex 17.0134 15.3189 5
      vertex 17.7918 14.4075 5
    endloop
  endfacet
  facet normal 0 0 1
    outer loop
      vertex 16.1883 16.1883 5
      vertex 17.9605 17.9605 5
      vertex 16.9959 18.8759 5
    endloop
  endfacet
  facet normal 0 0 1
    outer loop
      vertex 17.9605 17.9605 5
      vertex 16.1883 16.1883 5
      vertex 17.0134 15.3189 5
    endloop
  endfacet
  facet normal 0 0 1
    outer loop
      vertex 15.3189 17.0134 5
      vertex 16.9959 18.8759 5
      vertex 15.9847 19.7395 5
    endloop
  endfacet
  facet normal 0 0 1
    outer loop
      vertex 16.9959 18.8759 5
      vertex 15.3189 17.0134 5
      vertex 16.1883 16.1883 5
    endloop
  endfacet
  facet normal 0 0 1
    outer loop
      vertex 14.4075 17.7918 5
      vertex 15.9847 19.7395 5
      vertex 14.9297 20.549 5
    endloop
  endfacet
  facet normal 0 0 1
    outer loop
      vertex 15.9847 19.7395 5
      vertex 14.4075 17.7918 5
      vertex 15.3189 17.0134 5
    endloop
  endfacet
  facet normal 0 0 1
    outer loop
      vertex 13.4566 18.5214 5
      vertex 14.9297 20.549 5
      vertex 13.8338 21.3022 5
    endloop
  endfacet
  facet normal 0 0 1
    outer loop
      vertex 14.9297 20.549 5
      vertex 13.4566 18.5214 5
      vertex 14.4075 17.7918 5
    endloop
  endfacet
  facet normal 0 0 1
    outer loop
      vertex 12.4688 19.2003 5
      vertex 13.8338 21.3022 5
      vertex 12.7 21.997 5
    endloop
  endfacet
  facet normal 0 0 1
    outer loop
      vertex 13.8338 21.3022 5
      vertex 12.4688 19.2003 5
      vertex 13.4566 18.5214 5
    endloop
  endfacet
  facet normal 0 0 1
    outer loop
      vertex 11.4469 19.8266 5
      vertex 12.7 21.997 5
      vertex 11.5314 22.6316 5
    endloop
  endfacet
  facet normal 0 0 1
    outer loop
      vertex 12.7 21.997 5
      vertex 11.4469 19.8266 5
      vertex 12.4688 19.2003 5
    endloop
  endfacet
  facet normal 0 0 1
    outer loop
      vertex 11.5314 22.6316 5
      vertex 10.3935 20.3985 5
      vertex 11.4469 19.8266 5
    endloop
  endfacet
  facet normal 0 0 1
    outer loop
      vertex 10.3311 23.2041 5
      vertex 10.3935 20.3985 5
      vertex 11.5314 22.6316 5
    endloop
  endfacet
  facet normal 0 0 1
    outer loop
      vertex 10.3311 23.2041 5
      vertex 9.31173 20.9145 5
      vertex 10.3935 20.3985 5
    endloop
  endfacet
  facet normal 0 0 1
    outer loop
      vertex 9.10255 23.7129 5
      vertex 9.31173 20.9145 5
      vertex 10.3311 23.2041 5
    endloop
  endfacet
  facet normal 0 0 1
    outer loop
      vertex 9.10255 23.7129 5
      vertex 8.20439 21.3732 5
      vertex 9.31173 20.9145 5
    endloop
  endfacet
  facet normal 0 0 1
    outer loop
      vertex 7.84903 24.1568 5
      vertex 8.20439 21.3732 5
      vertex 9.10255 23.7129 5
    endloop
  endfacet
  facet normal 0 0 1
    outer loop
      vertex 7.84903 24.1568 5
      vertex 7.07456 21.7733 5
      vertex 8.20439 21.3732 5
    endloop
  endfacet
  facet normal 0 0 1
    outer loop
      vertex 6.574 24.5345 5
      vertex 7.07456 21.7733 5
      vertex 7.84903 24.1568 5
    endloop
  endfacet
  facet normal 0 0 1
    outer loop
      vertex 6.574 24.5345 5
      vertex 5.92534 22.1137 5
      vertex 7.07456 21.7733 5
    endloop
  endfacet
  facet normal 0 0 1
    outer loop
      vertex 5.28096 24.8449 5
      vertex 5.92534 22.1137 5
      vertex 6.574 24.5345 5
    endloop
  endfacet
  facet normal 0 0 1
    outer loop
      vertex 5.28096 24.8449 5
      vertex 4.75988 22.3935 5
      vertex 5.92534 22.1137 5
    endloop
  endfacet
  facet normal 0 0 1
    outer loop
      vertex 3.97344 25.0873 5
      vertex 4.75988 22.3935 5
      vertex 5.28096 24.8449 5
    endloop
  endfacet
  facet normal 0 0 1
    outer loop
      vertex 3.97344 25.0873 5
      vertex 3.58137 22.6119 5
      vertex 4.75988 22.3935 5
    endloop
  endfacet
  facet normal 0 0 1
    outer loop
      vertex 2.65502 25.2609 5
      vertex 3.58137 22.6119 5
      vertex 3.97344 25.0873 5
    endloop
  endfacet
  facet normal 0 0 1
    outer loop
      vertex 2.65502 25.2609 5
      vertex 2.39305 22.7683 5
      vertex 3.58137 22.6119 5
    endloop
  endfacet
  facet normal 0 0 1
    outer loop
      vertex 1.32933 25.3652 5
      vertex 2.39305 22.7683 5
      vertex 2.65502 25.2609 5
    endloop
  endfacet
  facet normal 0 0 1
    outer loop
      vertex 1.32933 25.3652 5
      vertex 1.19817 22.8624 5
      vertex 2.39305 22.7683 5
    endloop
  endfacet
  facet normal 0 0 1
    outer loop
      vertex 0 25.4 5
      vertex 1.19817 22.8624 5
      vertex 1.32933 25.3652 5
    endloop
  endfacet
  facet normal 0 0 1
    outer loop
      vertex 0 25.4 5
      vertex 0 22.8937 5
      vertex 1.19817 22.8624 5
    endloop
  endfacet
  facet normal 0 0 1
    outer loop
      vertex 0 25.4 5
      vertex -1.19817 22.8624 5
      vertex 0 22.8937 5
    endloop
  endfacet
  facet normal -0 0 1
    outer loop
      vertex -1.32933 25.3652 5
      vertex -1.19817 22.8624 5
      vertex 0 25.4 5
    endloop
  endfacet
  facet normal 0 0 1
    outer loop
      vertex -1.32933 25.3652 5
      vertex -2.39305 22.7683 5
      vertex -1.19817 22.8624 5
    endloop
  endfacet
  facet normal -0 0 1
    outer loop
      vertex -2.65502 25.2609 5
      vertex -2.39305 22.7683 5
      vertex -1.32933 25.3652 5
    endloop
  endfacet
  facet normal 0 0 1
    outer loop
      vertex -2.65502 25.2609 5
      vertex -3.58137 22.6119 5
      vertex -2.39305 22.7683 5
    endloop
  endfacet
  facet normal -0 0 1
    outer loop
      vertex -3.97344 25.0873 5
      vertex -3.58137 22.6119 5
      vertex -2.65502 25.2609 5
    endloop
  endfacet
  facet normal 0 0 1
    outer loop
      vertex -3.97344 25.0873 5
      vertex -4.75988 22.3935 5
      vertex -3.58137 22.6119 5
    endloop
  endfacet
  facet normal -0 0 1
    outer loop
      vertex -5.28096 24.8449 5
      vertex -4.75988 22.3935 5
      vertex -3.97344 25.0873 5
    endloop
  endfacet
  facet normal 0 0 1
    outer loop
      vertex -5.28096 24.8449 5
      vertex -5.92534 22.1137 5
      vertex -4.75988 22.3935 5
    endloop
  endfacet
  facet normal -0 0 1
    outer loop
      vertex -6.574 24.5345 5
      vertex -5.92534 22.1137 5
      vertex -5.28096 24.8449 5
    endloop
  endfacet
  facet normal 0 0 1
    outer loop
      vertex -6.574 24.5345 5
      vertex -7.07456 21.7733 5
      vertex -5.92534 22.1137 5
    endloop
  endfacet
  facet normal -0 0 1
    outer loop
      vertex -7.84903 24.1568 5
      vertex -7.07456 21.7733 5
      vertex -6.574 24.5345 5
    endloop
  endfacet
  facet normal 0 0 1
    outer loop
      vertex -7.84903 24.1568 5
      vertex -8.20439 21.3732 5
      vertex -7.07456 21.7733 5
    endloop
  endfacet
  facet normal -0 0 1
    outer loop
      vertex -9.10255 23.7129 5
      vertex -8.20439 21.3732 5
      vertex -7.84903 24.1568 5
    endloop
  endfacet
  facet normal 0 0 1
    outer loop
      vertex -9.10255 23.7129 5
      vertex -9.31173 20.9145 5
      vertex -8.20439 21.3732 5
    endloop
  endfacet
  facet normal -0 0 1
    outer loop
      vertex -10.3311 23.2041 5
      vertex -9.31173 20.9145 5
      vertex -9.10255 23.7129 5
    endloop
  endfacet
  facet normal 0 0 1
    outer loop
      vertex -10.3311 23.2041 5
      vertex -10.3935 20.3985 5
      vertex -9.31173 20.9145 5
    endloop
  endfacet
  facet normal -0 0 1
    outer loop
      vertex -11.5314 22.6316 5
      vertex -10.3935 20.3985 5
      vertex -10.3311 23.2041 5
    endloop
  endfacet
  facet normal 0 0 1
    outer loop
      vertex -10.3935 20.3985 5
      vertex -11.5314 22.6316 5
      vertex -11.4469 19.8266 5
    endloop
  endfacet
  facet normal -0 0 1
    outer loop
      vertex -12.7 21.997 5
      vertex -11.4469 19.8266 5
      vertex -11.5314 22.6316 5
    endloop
  endfacet
  facet normal 0 0 1
    outer loop
      vertex -11.4469 19.8266 5
      vertex -12.7 21.997 5
      vertex -12.4688 19.2003 5
    endloop
  endfacet
  facet normal -0 0 1
    outer loop
      vertex -13.8338 21.3022 5
      vertex -12.4688 19.2003 5
      vertex -12.7 21.997 5
    endloop
  endfacet
  facet normal 0 0 1
    outer loop
      vertex -12.4688 19.2003 5
      vertex -13.8338 21.3022 5
      vertex -13.4566 18.5214 5
    endloop
  endfacet
  facet normal -0 0 1
    outer loop
      vertex -14.9297 20.549 5
      vertex -13.4566 18.5214 5
      vertex -13.8338 21.3022 5
    endloop
  endfacet
  facet normal 0 0 1
    outer loop
      vertex -13.4566 18.5214 5
      vertex -14.9297 20.549 5
      vertex -14.4075 17.7918 5
    endloop
  endfacet
  facet normal -0 0 1
    outer loop
      vertex -15.9847 19.7395 5
      vertex -14.4075 17.7918 5
      vertex -14.9297 20.549 5
    endloop
  endfacet
  facet normal 0 0 1
    outer loop
      vertex -14.4075 17.7918 5
      vertex -15.9847 19.7395 5
      vertex -15.3189 17.0134 5
    endloop
  endfacet
  facet normal -0 0 1
    outer loop
      vertex -16.9959 18.8759 5
      vertex -15.3189 17.0134 5
      vertex -15.9847 19.7395 5
    endloop
  endfacet
  facet normal 0 0 1
    outer loop
      vertex -15.3189 17.0134 5
      vertex -16.9959 18.8759 5
      vertex -16.1883 16.1883 5
    endloop
  endfacet
  facet normal -0 0 1
    outer loop
      vertex -17.9605 17.9605 5
      vertex -16.1883 16.1883 5
      vertex -16.9959 18.8759 5
    endloop
  endfacet
  facet normal 0 0 1
    outer loop
      vertex -16.1883 16.1883 5
      vertex -17.9605 17.9605 5
      vertex -17.0134 15.3189 5
    endloop
  endfacet
  facet normal -0 0 1
    outer loop
      vertex -18.8759 16.9959 5
      vertex -17.0134 15.3189 5
      vertex -17.9605 17.9605 5
    endloop
  endfacet
  facet normal 0 0 1
    outer loop
      vertex -17.0134 15.3189 5
      vertex -18.8759 16.9959 5
      vertex -17.7918 14.4075 5
    endloop
  endfacet
  facet normal -0 0 1
    outer loop
      vertex -19.7395 15.9847 5
      vertex -17.7918 14.4075 5
      vertex -18.8759 16.9959 5
    endloop
  endfacet
  facet normal 0 0 1
    outer loop
      vertex -17.7918 14.4075 5
      vertex -19.7395 15.9847 5
      vertex -18.5214 13.4566 5
    endloop
  endfacet
  facet normal -0 0 1
    outer loop
      vertex -20.549 14.9297 5
      vertex -18.5214 13.4566 5
      vertex -19.7395 15.9847 5
    endloop
  endfacet
  facet normal 0 0 1
    outer loop
      vertex -18.5214 13.4566 5
      vertex -20.549 14.9297 5
      vertex -19.2003 12.4688 5
    endloop
  endfacet
  facet normal -0 0 1
    outer loop
      vertex -21.3022 13.8338 5
      vertex -19.2003 12.4688 5
      vertex -20.549 14.9297 5
    endloop
  endfacet
  facet normal 0 0 1
    outer loop
      vertex -19.2003 12.4688 5
      vertex -21.3022 13.8338 5
      vertex -19.8266 11.4469 5
    endloop
  endfacet
  facet normal -0 0 1
    outer loop
      vertex -21.997 12.7 5
      vertex -19.8266 11.4469 5
      vertex -21.3022 13.8338 5
    endloop
  endfacet
  facet normal 0 0 1
    outer loop
      vertex -19.8266 11.4469 5
      vertex -21.997 12.7 5
      vertex -20.3985 10.3935 5
    endloop
  endfacet
  facet normal -0 0 1
    outer loop
      vertex -22.6316 11.5314 5
      vertex -20.3985 10.3935 5
      vertex -21.997 12.7 5
    endloop
  endfacet
  facet normal 0 0 1
    outer loop
      vertex -20.3985 10.3935 5
      vertex -22.6316 11.5314 5
      vertex -20.9145 9.31173 5
    endloop
  endfacet
  facet normal -0 0 1
    outer loop
      vertex -23.2041 10.3311 5
      vertex -20.9145 9.31173 5
      vertex -22.6316 11.5314 5
    endloop
  endfacet
  facet normal 0 0 1
    outer loop
      vertex -20.9145 9.31173 5
      vertex -23.2041 10.3311 5
      vertex -21.3732 8.20439 5
    endloop
  endfacet
  facet normal -0 0 1
    outer loop
      vertex -23.7129 9.10255 5
      vertex -21.3732 8.20439 5
      vertex -23.2041 10.3311 5
    endloop
  endfacet
  facet normal 0 0 1
    outer loop
      vertex -21.3732 8.20439 5
      vertex -23.7129 9.10255 5
      vertex -21.7733 7.07456 5
    endloop
  endfacet
  facet normal -0 0 1
    outer loop
      vertex -24.1568 7.84903 5
      vertex -21.7733 7.07456 5
      vertex -23.7129 9.10255 5
    endloop
  endfacet
  facet normal 0 0 1
    outer loop
      vertex -21.7733 7.07456 5
      vertex -24.1568 7.84903 5
      vertex -22.1137 5.92534 5
    endloop
  endfacet
  facet normal -0 0 1
    outer loop
      vertex -24.5345 6.574 5
      vertex -22.1137 5.92534 5
      vertex -24.1568 7.84903 5
    endloop
  endfacet
  facet normal 0 0 1
    outer loop
      vertex -22.1137 5.92534 5
      vertex -24.5345 6.574 5
      vertex -22.3935 4.75988 5
    endloop
  endfacet
  facet normal -0 0 1
    outer loop
      vertex -24.8449 5.28096 5
      vertex -22.3935 4.75988 5
      vertex -24.5345 6.574 5
    endloop
  endfacet
  facet normal 0 0 1
    outer loop
      vertex 24.8449 -5.28096 5
      vertex 22.3935 -4.75988 5
      vertex 24.5345 -6.574 5
    endloop
  endfacet
  facet normal -0 0 1
    outer loop
      vertex 22.1137 -5.92534 5
      vertex 24.5345 -6.574 5
      vertex 22.3935 -4.75988 5
    endloop
  endfacet
  facet normal 0 0 1
    outer loop
      vertex 24.5345 -6.574 5
      vertex 22.1137 -5.92534 5
      vertex 24.1568 -7.84903 5
    endloop
  endfacet
  facet normal -0 0 1
    outer loop
      vertex 21.7733 -7.07456 5
      vertex 24.1568 -7.84903 5
      vertex 22.1137 -5.92534 5
    endloop
  endfacet
  facet normal 0 0 1
    outer loop
      vertex 24.1568 -7.84903 5
      vertex 21.7733 -7.07456 5
      vertex 23.7129 -9.10255 5
    endloop
  endfacet
  facet normal -0 0 1
    outer loop
      vertex 21.3732 -8.20439 5
      vertex 23.7129 -9.10255 5
      vertex 21.7733 -7.07456 5
    endloop
  endfacet
  facet normal 0 0 1
    outer loop
      vertex 23.7129 -9.10255 5
      vertex 21.3732 -8.20439 5
      vertex 23.2041 -10.3311 5
    endloop
  endfacet
  facet normal -0 0 1
    outer loop
      vertex 20.9145 -9.31173 5
      vertex 23.2041 -10.3311 5
      vertex 21.3732 -8.20439 5
    endloop
  endfacet
  facet normal 0 0 1
    outer loop
      vertex 23.2041 -10.3311 5
      vertex 20.9145 -9.31173 5
      vertex 22.6316 -11.5314 5
    endloop
  endfacet
  facet normal -0 0 1
    outer loop
      vertex 20.3985 -10.3935 5
      vertex 22.6316 -11.5314 5
      vertex 20.9145 -9.31173 5
    endloop
  endfacet
  facet normal 0 0 1
    outer loop
      vertex 22.6316 -11.5314 5
      vertex 20.3985 -10.3935 5
      vertex 21.997 -12.7 5
    endloop
  endfacet
  facet normal -0 0 1
    outer loop
      vertex 19.8266 -11.4469 5
      vertex 21.997 -12.7 5
      vertex 20.3985 -10.3935 5
    endloop
  endfacet
  facet normal 0 0 1
    outer loop
      vertex 21.997 -12.7 5
      vertex 19.8266 -11.4469 5
      vertex 21.3022 -13.8338 5
    endloop
  endfacet
  facet normal -0 0 1
    outer loop
      vertex 19.2003 -12.4688 5
      vertex 21.3022 -13.8338 5
      vertex 19.8266 -11.4469 5
    endloop
  endfacet
  facet normal 0 0 1
    outer loop
      vertex 21.3022 -13.8338 5
      vertex 19.2003 -12.4688 5
      vertex 20.549 -14.9297 5
    endloop
  endfacet
  facet normal -0 0 1
    outer loop
      vertex 18.5214 -13.4566 5
      vertex 20.549 -14.9297 5
      vertex 19.2003 -12.4688 5
    endloop
  endfacet
  facet normal 0 0 1
    outer loop
      vertex 20.549 -14.9297 5
      vertex 18.5214 -13.4566 5
      vertex 19.7395 -15.9847 5
    endloop
  endfacet
  facet normal -0 0 1
    outer loop
      vertex 17.7918 -14.4075 5
      vertex 19.7395 -15.9847 5
      vertex 18.5214 -13.4566 5
    endloop
  endfacet
  facet normal 0 0 1
    outer loop
      vertex 19.7395 -15.9847 5
      vertex 17.7918 -14.4075 5
      vertex 18.8759 -16.9959 5
    endloop
  endfacet
  facet normal -0 0 1
    outer loop
      vertex 17.0134 -15.3189 5
      vertex 18.8759 -16.9959 5
      vertex 17.7918 -14.4075 5
    endloop
  endfacet
  facet normal 0 0 1
    outer loop
      vertex 18.8759 -16.9959 5
      vertex 17.0134 -15.3189 5
      vertex 17.9605 -17.9605 5
    endloop
  endfacet
  facet normal -0 0 1
    outer loop
      vertex 16.1883 -16.1883 5
      vertex 17.9605 -17.9605 5
      vertex 17.0134 -15.3189 5
    endloop
  endfacet
  facet normal 0 0 1
    outer loop
      vertex 17.9605 -17.9605 5
      vertex 16.1883 -16.1883 5
      vertex 16.9959 -18.8759 5
    endloop
  endfacet
  facet normal -0 0 1
    outer loop
      vertex 15.3189 -17.0134 5
      vertex 16.9959 -18.8759 5
      vertex 16.1883 -16.1883 5
    endloop
  endfacet
  facet normal 0 0 1
    outer loop
      vertex 16.9959 -18.8759 5
      vertex 15.3189 -17.0134 5
      vertex 15.9847 -19.7395 5
    endloop
  endfacet
  facet normal -0 0 1
    outer loop
      vertex 14.4075 -17.7918 5
      vertex 15.9847 -19.7395 5
      vertex 15.3189 -17.0134 5
    endloop
  endfacet
  facet normal 0 0 1
    outer loop
      vertex 15.9847 -19.7395 5
      vertex 14.4075 -17.7918 5
      vertex 14.9297 -20.549 5
    endloop
  endfacet
  facet normal -0 0 1
    outer loop
      vertex 13.4566 -18.5214 5
      vertex 14.9297 -20.549 5
      vertex 14.4075 -17.7918 5
    endloop
  endfacet
  facet normal 0 0 1
    outer loop
      vertex 14.9297 -20.549 5
      vertex 13.4566 -18.5214 5
      vertex 13.8338 -21.3022 5
    endloop
  endfacet
  facet normal -0 0 1
    outer loop
      vertex 12.4688 -19.2003 5
      vertex 13.8338 -21.3022 5
      vertex 13.4566 -18.5214 5
    endloop
  endfacet
  facet normal 0 0 1
    outer loop
      vertex 13.8338 -21.3022 5
      vertex 12.4688 -19.2003 5
      vertex 12.7 -21.997 5
    endloop
  endfacet
  facet normal -0 0 1
    outer loop
      vertex 11.4469 -19.8266 5
      vertex 12.7 -21.997 5
      vertex 12.4688 -19.2003 5
    endloop
  endfacet
  facet normal 0 0 1
    outer loop
      vertex 12.7 -21.997 5
      vertex 11.4469 -19.8266 5
      vertex 11.5314 -22.6316 5
    endloop
  endfacet
  facet normal -0 0 1
    outer loop
      vertex 10.3935 -20.3985 5
      vertex 11.5314 -22.6316 5
      vertex 11.4469 -19.8266 5
    endloop
  endfacet
  facet normal 0 0 1
    outer loop
      vertex 10.3935 -20.3985 5
      vertex 10.3311 -23.2041 5
      vertex 11.5314 -22.6316 5
    endloop
  endfacet
  facet normal -0 0 1
    outer loop
      vertex 9.31173 -20.9145 5
      vertex 10.3311 -23.2041 5
      vertex 10.3935 -20.3985 5
    endloop
  endfacet
  facet normal 0 0 1
    outer loop
      vertex 9.31173 -20.9145 5
      vertex 9.10255 -23.7129 5
      vertex 10.3311 -23.2041 5
    endloop
  endfacet
  facet normal -0 0 1
    outer loop
      vertex 8.20439 -21.3732 5
      vertex 9.10255 -23.7129 5
      vertex 9.31173 -20.9145 5
    endloop
  endfacet
  facet normal 0 0 1
    outer loop
      vertex 8.20439 -21.3732 5
      vertex 7.84903 -24.1568 5
      vertex 9.10255 -23.7129 5
    endloop
  endfacet
  facet normal -0 0 1
    outer loop
      vertex 7.07456 -21.7733 5
      vertex 7.84903 -24.1568 5
      vertex 8.20439 -21.3732 5
    endloop
  endfacet
  facet normal 0 0 1
    outer loop
      vertex 7.07456 -21.7733 5
      vertex 6.574 -24.5345 5
      vertex 7.84903 -24.1568 5
    endloop
  endfacet
  facet normal -0 0 1
    outer loop
      vertex 5.92534 -22.1137 5
      vertex 6.574 -24.5345 5
      vertex 7.07456 -21.7733 5
    endloop
  endfacet
  facet normal 0 0 1
    outer loop
      vertex 5.92534 -22.1137 5
      vertex 5.28096 -24.8449 5
      vertex 6.574 -24.5345 5
    endloop
  endfacet
  facet normal -0 0 1
    outer loop
      vertex 4.75988 -22.3935 5
      vertex 5.28096 -24.8449 5
      vertex 5.92534 -22.1137 5
    endloop
  endfacet
  facet normal 0 0 1
    outer loop
      vertex 4.75988 -22.3935 5
      vertex 3.97344 -25.0873 5
      vertex 5.28096 -24.8449 5
    endloop
  endfacet
  facet normal -0 0 1
    outer loop
      vertex 3.58137 -22.6119 5
      vertex 3.97344 -25.0873 5
      vertex 4.75988 -22.3935 5
    endloop
  endfacet
  facet normal 0 0 1
    outer loop
      vertex 3.58137 -22.6119 5
      vertex 2.65502 -25.2609 5
      vertex 3.97344 -25.0873 5
    endloop
  endfacet
  facet normal -0 0 1
    outer loop
      vertex 2.39305 -22.7683 5
      vertex 2.65502 -25.2609 5
      vertex 3.58137 -22.6119 5
    endloop
  endfacet
  facet normal 0 0 1
    outer loop
      vertex 2.39305 -22.7683 5
      vertex 1.32933 -25.3652 5
      vertex 2.65502 -25.2609 5
    endloop
  endfacet
  facet normal -0 0 1
    outer loop
      vertex 1.19817 -22.8624 5
      vertex 1.32933 -25.3652 5
      vertex 2.39305 -22.7683 5
    endloop
  endfacet
  facet normal -0 0 1
    outer loop
      vertex 0 -22.8937 5
      vertex 1.32933 -25.3652 5
      vertex 1.19817 -22.8624 5
    endloop
  endfacet
  facet normal 0 0 1
    outer loop
      vertex 0 -22.8937 5
      vertex 0 -25.4 5
      vertex 1.32933 -25.3652 5
    endloop
  endfacet
  facet normal 0 0 1
    outer loop
      vertex -1.19817 -22.8624 5
      vertex 0 -25.4 5
      vertex 0 -22.8937 5
    endloop
  endfacet
  facet normal 0 0 1
    outer loop
      vertex -1.19817 -22.8624 5
      vertex -1.32933 -25.3652 5
      vertex 0 -25.4 5
    endloop
  endfacet
  facet normal 0 0 1
    outer loop
      vertex -2.39305 -22.7683 5
      vertex -1.32933 -25.3652 5
      vertex -1.19817 -22.8624 5
    endloop
  endfacet
  facet normal 0 0 1
    outer loop
      vertex -2.39305 -22.7683 5
      vertex -2.65502 -25.2609 5
      vertex -1.32933 -25.3652 5
    endloop
  endfacet
  facet normal 0 0 1
    outer loop
      vertex -3.58137 -22.6119 5
      vertex -2.65502 -25.2609 5
      vertex -2.39305 -22.7683 5
    endloop
  endfacet
  facet normal 0 0 1
    outer loop
      vertex -3.58137 -22.6119 5
      vertex -3.97344 -25.0873 5
      vertex -2.65502 -25.2609 5
    endloop
  endfacet
  facet normal 0 0 1
    outer loop
      vertex -4.75988 -22.3935 5
      vertex -3.97344 -25.0873 5
      vertex -3.58137 -22.6119 5
    endloop
  endfacet
  facet normal 0 0 1
    outer loop
      vertex -4.75988 -22.3935 5
      vertex -5.28096 -24.8449 5
      vertex -3.97344 -25.0873 5
    endloop
  endfacet
  facet normal 0 0 1
    outer loop
      vertex -5.92534 -22.1137 5
      vertex -5.28096 -24.8449 5
      vertex -4.75988 -22.3935 5
    endloop
  endfacet
  facet normal 0 0 1
    outer loop
      vertex -5.92534 -22.1137 5
      vertex -6.574 -24.5345 5
      vertex -5.28096 -24.8449 5
    endloop
  endfacet
  facet normal 0 0 1
    outer loop
      vertex -7.07456 -21.7733 5
      vertex -6.574 -24.5345 5
      vertex -5.92534 -22.1137 5
    endloop
  endfacet
  facet normal 0 0 1
    outer loop
      vertex -7.07456 -21.7733 5
      vertex -7.84903 -24.1568 5
      vertex -6.574 -24.5345 5
    endloop
  endfacet
  facet normal 0 0 1
    outer loop
      vertex -8.20439 -21.3732 5
      vertex -7.84903 -24.1568 5
      vertex -7.07456 -21.7733 5
    endloop
  endfacet
  facet normal 0 0 1
    outer loop
      vertex -8.20439 -21.3732 5
      vertex -9.10255 -23.7129 5
      vertex -7.84903 -24.1568 5
    endloop
  endfacet
  facet normal 0 0 1
    outer loop
      vertex -9.31173 -20.9145 5
      vertex -9.10255 -23.7129 5
      vertex -8.20439 -21.3732 5
    endloop
  endfacet
  facet normal 0 0 1
    outer loop
      vertex -9.31173 -20.9145 5
      vertex -10.3311 -23.2041 5
      vertex -9.10255 -23.7129 5
    endloop
  endfacet
  facet normal 0 0 1
    outer loop
      vertex -10.3935 -20.3985 5
      vertex -10.3311 -23.2041 5
      vertex -9.31173 -20.9145 5
    endloop
  endfacet
  facet normal 0 0 1
    outer loop
      vertex -11.5314 -22.6316 5
      vertex -10.3935 -20.3985 5
      vertex -11.4469 -19.8266 5
    endloop
  endfacet
  facet normal 0 0 1
    outer loop
      vertex -10.3935 -20.3985 5
      vertex -11.5314 -22.6316 5
      vertex -10.3311 -23.2041 5
    endloop
  endfacet
  facet normal 0 0 1
    outer loop
      vertex -12.7 -21.997 5
      vertex -11.4469 -19.8266 5
      vertex -12.4688 -19.2003 5
    endloop
  endfacet
  facet normal 0 0 1
    outer loop
      vertex -11.4469 -19.8266 5
      vertex -12.7 -21.997 5
      vertex -11.5314 -22.6316 5
    endloop
  endfacet
  facet normal 0 0 1
    outer loop
      vertex -13.8338 -21.3022 5
      vertex -12.4688 -19.2003 5
      vertex -13.4566 -18.5214 5
    endloop
  endfacet
  facet normal 0 0 1
    outer loop
      vertex -12.4688 -19.2003 5
      vertex -13.8338 -21.3022 5
      vertex -12.7 -21.997 5
    endloop
  endfacet
  facet normal 0 0 1
    outer loop
      vertex -14.9297 -20.549 5
      vertex -13.4566 -18.5214 5
      vertex -14.4075 -17.7918 5
    endloop
  endfacet
  facet normal 0 0 1
    outer loop
      vertex -13.4566 -18.5214 5
      vertex -14.9297 -20.549 5
      vertex -13.8338 -21.3022 5
    endloop
  endfacet
  facet normal 0 0 1
    outer loop
      vertex -15.9847 -19.7395 5
      vertex -14.4075 -17.7918 5
      vertex -15.3189 -17.0134 5
    endloop
  endfacet
  facet normal 0 0 1
    outer loop
      vertex -14.4075 -17.7918 5
      vertex -15.9847 -19.7395 5
      vertex -14.9297 -20.549 5
    endloop
  endfacet
  facet normal 0 0 1
    outer loop
      vertex -16.9959 -18.8759 5
      vertex -15.3189 -17.0134 5
      vertex -16.1883 -16.1883 5
    endloop
  endfacet
  facet normal 0 0 1
    outer loop
      vertex -15.3189 -17.0134 5
      vertex -16.9959 -18.8759 5
      vertex -15.9847 -19.7395 5
    endloop
  endfacet
  facet normal 0 0 1
    outer loop
      vertex -17.9605 -17.9605 5
      vertex -16.1883 -16.1883 5
      vertex -17.0134 -15.3189 5
    endloop
  endfacet
  facet normal 0 0 1
    outer loop
      vertex -18.8759 -16.9959 5
      vertex -17.0134 -15.3189 5
      vertex -17.7918 -14.4075 5
    endloop
  endfacet
  facet normal 0 0 1
    outer loop
      vertex -16.1883 -16.1883 5
      vertex -17.9605 -17.9605 5
      vertex -16.9959 -18.8759 5
    endloop
  endfacet
  facet normal 0 0 1
    outer loop
      vertex -19.7395 -15.9847 5
      vertex -17.7918 -14.4075 5
      vertex -18.5214 -13.4566 5
    endloop
  endfacet
  facet normal 0 0 1
    outer loop
      vertex -17.0134 -15.3189 5
      vertex -18.8759 -16.9959 5
      vertex -17.9605 -17.9605 5
    endloop
  endfacet
  facet normal 0 0 1
    outer loop
      vertex -20.549 -14.9297 5
      vertex -18.5214 -13.4566 5
      vertex -19.2003 -12.4688 5
    endloop
  endfacet
  facet normal 0 0 1
    outer loop
      vertex -17.7918 -14.4075 5
      vertex -19.7395 -15.9847 5
      vertex -18.8759 -16.9959 5
    endloop
  endfacet
  facet normal 0 0 1
    outer loop
      vertex -21.3022 -13.8338 5
      vertex -19.2003 -12.4688 5
      vertex -19.8266 -11.4469 5
    endloop
  endfacet
  facet normal 0 0 1
    outer loop
      vertex -21.997 -12.7 5
      vertex -19.8266 -11.4469 5
      vertex -20.3985 -10.3935 5
    endloop
  endfacet
  facet normal 0 0 1
    outer loop
      vertex -18.5214 -13.4566 5
      vertex -20.549 -14.9297 5
      vertex -19.7395 -15.9847 5
    endloop
  endfacet
  facet normal 0 0 1
    outer loop
      vertex -22.6316 -11.5314 5
      vertex -20.3985 -10.3935 5
      vertex -20.9145 -9.31173 5
    endloop
  endfacet
  facet normal 0 0 1
    outer loop
      vertex -19.2003 -12.4688 5
      vertex -21.3022 -13.8338 5
      vertex -20.549 -14.9297 5
    endloop
  endfacet
  facet normal 0 0 1
    outer loop
      vertex -23.2041 -10.3311 5
      vertex -20.9145 -9.31173 5
      vertex -21.3732 -8.20439 5
    endloop
  endfacet
  facet normal 0 0 1
    outer loop
      vertex -23.7129 -9.10255 5
      vertex -21.3732 -8.20439 5
      vertex -21.7733 -7.07456 5
    endloop
  endfacet
  facet normal 0 0 1
    outer loop
      vertex -19.8266 -11.4469 5
      vertex -21.997 -12.7 5
      vertex -21.3022 -13.8338 5
    endloop
  endfacet
  facet normal 0 0 1
    outer loop
      vertex -24.1568 -7.84903 5
      vertex -21.7733 -7.07456 5
      vertex -22.1137 -5.92534 5
    endloop
  endfacet
  facet normal 0 0 1
    outer loop
      vertex -24.5345 -6.574 5
      vertex -22.1137 -5.92534 5
      vertex -22.3935 -4.75988 5
    endloop
  endfacet
  facet normal 0 0 1
    outer loop
      vertex -24.8449 -5.28096 5
      vertex -22.3935 -4.75988 5
      vertex -22.6119 -3.58137 5
    endloop
  endfacet
  facet normal 0 0 1
    outer loop
      vertex -20.3985 -10.3935 5
      vertex -22.6316 -11.5314 5
      vertex -21.997 -12.7 5
    endloop
  endfacet
  facet normal 0 0 1
    outer loop
      vertex -25.0873 -3.97344 5
      vertex -22.6119 -3.58137 5
      vertex -22.7683 -2.39305 5
    endloop
  endfacet
  facet normal 0 0 1
    outer loop
      vertex -25.2609 -2.65502 5
      vertex -22.7683 -2.39305 5
      vertex -22.8624 -1.19817 5
    endloop
  endfacet
  facet normal 0 0 1
    outer loop
      vertex -25.3652 -1.32933 5
      vertex -22.8624 -1.19817 5
      vertex -22.8937 0 5
    endloop
  endfacet
  facet normal 0 0 1
    outer loop
      vertex -22.3935 4.75988 5
      vertex -24.8449 5.28096 5
      vertex -22.6119 3.58137 5
    endloop
  endfacet
  facet normal 0 0 1
    outer loop
      vertex -20.9145 -9.31173 5
      vertex -23.2041 -10.3311 5
      vertex -22.6316 -11.5314 5
    endloop
  endfacet
  facet normal -0 0 1
    outer loop
      vertex -25.0873 3.97344 5
      vertex -22.6119 3.58137 5
      vertex -24.8449 5.28096 5
    endloop
  endfacet
  facet normal 0 0 1
    outer loop
      vertex -21.3732 -8.20439 5
      vertex -23.7129 -9.10255 5
      vertex -23.2041 -10.3311 5
    endloop
  endfacet
  facet normal 0 0 1
    outer loop
      vertex -22.6119 3.58137 5
      vertex -25.0873 3.97344 5
      vertex -22.7683 2.39305 5
    endloop
  endfacet
  facet normal 0 0 1
    outer loop
      vertex -21.7733 -7.07456 5
      vertex -24.1568 -7.84903 5
      vertex -23.7129 -9.10255 5
    endloop
  endfacet
  facet normal -0 0 1
    outer loop
      vertex -25.2609 2.65502 5
      vertex -22.7683 2.39305 5
      vertex -25.0873 3.97344 5
    endloop
  endfacet
  facet normal 0 0 1
    outer loop
      vertex -22.1137 -5.92534 5
      vertex -24.5345 -6.574 5
      vertex -24.1568 -7.84903 5
    endloop
  endfacet
  facet normal 0 0 1
    outer loop
      vertex -22.7683 2.39305 5
      vertex -25.2609 2.65502 5
      vertex -22.8624 1.19817 5
    endloop
  endfacet
  facet normal 0 0 1
    outer loop
      vertex -22.3935 -4.75988 5
      vertex -24.8449 -5.28096 5
      vertex -24.5345 -6.574 5
    endloop
  endfacet
  facet normal -0 0 1
    outer loop
      vertex -25.3652 1.32933 5
      vertex -22.8624 1.19817 5
      vertex -25.2609 2.65502 5
    endloop
  endfacet
  facet normal 0 0 1
    outer loop
      vertex -22.6119 -3.58137 5
      vertex -25.0873 -3.97344 5
      vertex -24.8449 -5.28096 5
    endloop
  endfacet
  facet normal 0 0 1
    outer loop
      vertex -22.8624 1.19817 5
      vertex -25.3652 1.32933 5
      vertex -22.8937 0 5
    endloop
  endfacet
  facet normal 0 0 1
    outer loop
      vertex -22.7683 -2.39305 5
      vertex -25.2609 -2.65502 5
      vertex -25.0873 -3.97344 5
    endloop
  endfacet
  facet normal 0 0 1
    outer loop
      vertex -25.4 0 5
      vertex -22.8937 0 5
      vertex -25.3652 1.32933 5
    endloop
  endfacet
  facet normal 0 0 1
    outer loop
      vertex -22.8624 -1.19817 5
      vertex -25.3652 -1.32933 5
      vertex -25.2609 -2.65502 5
    endloop
  endfacet
  facet normal 0 0 1
    outer loop
      vertex -22.8937 0 5
      vertex -25.4 0 5
      vertex -25.3652 -1.32933 5
    endloop
  endfacet
  facet normal -0.430503 0.902589 0
    outer loop
      vertex -10.3311 23.2041 0
      vertex -11.5314 22.6316 5
      vertex -10.3311 23.2041 5
    endloop
  endfacet
  facet normal -0.430503 0.902589 0
    outer loop
      vertex -11.5314 22.6316 5
      vertex -10.3311 23.2041 0
      vertex -11.5314 22.6316 0
    endloop
  endfacet
  facet normal -0.477218 0.878785 0
    outer loop
      vertex -11.5314 22.6316 0
      vertex -12.7 21.997 5
      vertex -11.5314 22.6316 5
    endloop
  endfacet
  facet normal -0.477218 0.878785 0
    outer loop
      vertex -12.7 21.997 5
      vertex -11.5314 22.6316 0
      vertex -12.7 21.997 0
    endloop
  endfacet
  facet normal -0.566411 0.824123 0
    outer loop
      vertex -13.8338 21.3022 0
      vertex -14.9297 20.549 5
      vertex -13.8338 21.3022 5
    endloop
  endfacet
  facet normal -0.566411 0.824123 0
    outer loop
      vertex -14.9297 20.549 5
      vertex -13.8338 21.3022 0
      vertex -14.9297 20.549 0
    endloop
  endfacet
  facet normal -0.33381 0.94264 0
    outer loop
      vertex -7.84903 24.1568 0
      vertex -9.10255 23.7129 5
      vertex -7.84903 24.1568 5
    endloop
  endfacet
  facet normal -0.33381 0.94264 0
    outer loop
      vertex -9.10255 23.7129 5
      vertex -7.84903 24.1568 0
      vertex -9.10255 23.7129 0
    endloop
  endfacet
  facet normal -0.233423 0.972375 0
    outer loop
      vertex -5.28096 24.8449 0
      vertex -6.574 24.5345 5
      vertex -5.28096 24.8449 5
    endloop
  endfacet
  facet normal -0.233423 0.972375 0
    outer loop
      vertex -6.574 24.5345 5
      vertex -5.28096 24.8449 0
      vertex -6.574 24.5345 0
    endloop
  endfacet
  facet normal -0.182283 0.983246 0
    outer loop
      vertex -3.97344 25.0873 0
      vertex -5.28096 24.8449 5
      vertex -3.97344 25.0873 5
    endloop
  endfacet
  facet normal -0.182283 0.983246 0
    outer loop
      vertex -5.28096 24.8449 5
      vertex -3.97344 25.0873 0
      vertex -5.28096 24.8449 0
    endloop
  endfacet
  facet normal -0.0261696 0.999658 0
    outer loop
      vertex 0 25.4 0
      vertex -1.32933 25.3652 5
      vertex 0 25.4 5
    endloop
  endfacet
  facet normal -0.0261696 0.999658 0
    outer loop
      vertex -1.32933 25.3652 5
      vertex 0 25.4 0
      vertex -1.32933 25.3652 0
    endloop
  endfacet
  facet normal 0.999658 -0.0261696 0
    outer loop
      vertex 25.3652 -1.32933 5
      vertex 25.4 0 0
      vertex 25.4 0 5
    endloop
  endfacet
  facet normal 0.999658 -0.0261696 0
    outer loop
      vertex 25.4 0 0
      vertex 25.3652 -1.32933 5
      vertex 25.3652 -1.32933 0
    endloop
  endfacet
  facet normal 0.0261696 -0.999658 0
    outer loop
      vertex 0 -25.4 0
      vertex 1.32933 -25.3652 5
      vertex 0 -25.4 5
    endloop
  endfacet
  facet normal 0.0261696 -0.999658 0
    outer loop
      vertex 1.32933 -25.3652 5
      vertex 0 -25.4 0
      vertex 1.32933 -25.3652 0
    endloop
  endfacet
  facet normal 0.182283 -0.983246 0
    outer loop
      vertex 3.97344 -25.0873 0
      vertex 5.28096 -24.8449 5
      vertex 3.97344 -25.0873 5
    endloop
  endfacet
  facet normal 0.182283 -0.983246 0
    outer loop
      vertex 5.28096 -24.8449 5
      vertex 3.97344 -25.0873 0
      vertex 5.28096 -24.8449 0
    endloop
  endfacet
  facet normal 0.130546 -0.991442 0
    outer loop
      vertex 2.65502 -25.2609 0
      vertex 3.97344 -25.0873 5
      vertex 2.65502 -25.2609 5
    endloop
  endfacet
  facet normal 0.130546 -0.991442 0
    outer loop
      vertex 3.97344 -25.0873 5
      vertex 2.65502 -25.2609 0
      vertex 3.97344 -25.0873 0
    endloop
  endfacet
  facet normal 0.284028 -0.958816 0
    outer loop
      vertex 6.574 -24.5345 0
      vertex 7.84903 -24.1568 5
      vertex 6.574 -24.5345 5
    endloop
  endfacet
  facet normal 0.284028 -0.958816 0
    outer loop
      vertex 7.84903 -24.1568 5
      vertex 6.574 -24.5345 0
      vertex 7.84903 -24.1568 0
    endloop
  endfacet
  facet normal 0.33381 -0.94264 0
    outer loop
      vertex 7.84903 -24.1568 0
      vertex 9.10255 -23.7129 5
      vertex 7.84903 -24.1568 5
    endloop
  endfacet
  facet normal 0.33381 -0.94264 0
    outer loop
      vertex 9.10255 -23.7129 5
      vertex 7.84903 -24.1568 0
      vertex 9.10255 -23.7129 0
    endloop
  endfacet
  facet normal 0.688366 -0.725364 0
    outer loop
      vertex 16.9959 -18.8759 0
      vertex 17.9605 -17.9605 5
      vertex 16.9959 -18.8759 5
    endloop
  endfacet
  facet normal 0.688366 -0.725364 0
    outer loop
      vertex 17.9605 -17.9605 5
      vertex 16.9959 -18.8759 0
      vertex 17.9605 -17.9605 0
    endloop
  endfacet
  facet normal 0.566411 -0.824123 0
    outer loop
      vertex 13.8338 -21.3022 0
      vertex 14.9297 -20.549 5
      vertex 13.8338 -21.3022 5
    endloop
  endfacet
  facet normal 0.566411 -0.824123 0
    outer loop
      vertex 14.9297 -20.549 5
      vertex 13.8338 -21.3022 0
      vertex 14.9297 -20.549 0
    endloop
  endfacet
  facet normal 0.477218 -0.878785 0
    outer loop
      vertex 11.5314 -22.6316 0
      vertex 12.7 -21.997 5
      vertex 11.5314 -22.6316 5
    endloop
  endfacet
  facet normal 0.477218 -0.878785 0
    outer loop
      vertex 12.7 -21.997 5
      vertex 11.5314 -22.6316 0
      vertex 12.7 -21.997 0
    endloop
  endfacet
  facet normal 0.382631 -0.923901 0
    outer loop
      vertex 9.10255 -23.7129 0
      vertex 10.3311 -23.2041 5
      vertex 9.10255 -23.7129 5
    endloop
  endfacet
  facet normal 0.382631 -0.923901 0
    outer loop
      vertex 10.3311 -23.2041 5
      vertex 9.10255 -23.7129 0
      vertex 10.3311 -23.2041 0
    endloop
  endfacet
  facet normal 0.522502 -0.852638 0
    outer loop
      vertex 12.7 -21.997 0
      vertex 13.8338 -21.3022 5
      vertex 12.7 -21.997 5
    endloop
  endfacet
  facet normal 0.522502 -0.852638 0
    outer loop
      vertex 13.8338 -21.3022 5
      vertex 12.7 -21.997 0
      vertex 13.8338 -21.3022 0
    endloop
  endfacet
  facet normal 0.725364 -0.688366 0
    outer loop
      vertex 17.9605 -17.9605 5
      vertex 18.8759 -16.9959 0
      vertex 18.8759 -16.9959 5
    endloop
  endfacet
  facet normal 0.725364 -0.688366 0
    outer loop
      vertex 18.8759 -16.9959 0
      vertex 17.9605 -17.9605 5
      vertex 17.9605 -17.9605 0
    endloop
  endfacet
  facet normal 0.793364 -0.608747 0
    outer loop
      vertex 19.7395 -15.9847 5
      vertex 20.549 -14.9297 0
      vertex 20.549 -14.9297 5
    endloop
  endfacet
  facet normal 0.793364 -0.608747 0
    outer loop
      vertex 20.549 -14.9297 0
      vertex 19.7395 -15.9847 5
      vertex 19.7395 -15.9847 0
    endloop
  endfacet
  facet normal 0.902589 -0.430503 0
    outer loop
      vertex 22.6316 -11.5314 5
      vertex 23.2041 -10.3311 0
      vertex 23.2041 -10.3311 5
    endloop
  endfacet
  facet normal 0.902589 -0.430503 0
    outer loop
      vertex 23.2041 -10.3311 0
      vertex 22.6316 -11.5314 5
      vertex 22.6316 -11.5314 0
    endloop
  endfacet
  facet normal 0.923901 -0.382631 0
    outer loop
      vertex 23.2041 -10.3311 5
      vertex 23.7129 -9.10255 0
      vertex 23.7129 -9.10255 5
    endloop
  endfacet
  facet normal 0.923901 -0.382631 0
    outer loop
      vertex 23.7129 -9.10255 0
      vertex 23.2041 -10.3311 5
      vertex 23.2041 -10.3311 0
    endloop
  endfacet
  facet normal 0.94264 -0.33381 0
    outer loop
      vertex 23.7129 -9.10255 5
      vertex 24.1568 -7.84903 0
      vertex 24.1568 -7.84903 5
    endloop
  endfacet
  facet normal 0.94264 -0.33381 0
    outer loop
      vertex 24.1568 -7.84903 0
      vertex 23.7129 -9.10255 5
      vertex 23.7129 -9.10255 0
    endloop
  endfacet
  facet normal 0.958816 -0.284028 0
    outer loop
      vertex 24.1568 -7.84903 5
      vertex 24.5345 -6.574 0
      vertex 24.5345 -6.574 5
    endloop
  endfacet
  facet normal 0.958816 -0.284028 0
    outer loop
      vertex 24.5345 -6.574 0
      vertex 24.1568 -7.84903 5
      vertex 24.1568 -7.84903 0
    endloop
  endfacet
  facet normal 0.972375 -0.233423 0
    outer loop
      vertex 24.5345 -6.574 5
      vertex 24.8449 -5.28096 0
      vertex 24.8449 -5.28096 5
    endloop
  endfacet
  facet normal 0.972375 -0.233423 0
    outer loop
      vertex 24.8449 -5.28096 0
      vertex 24.5345 -6.574 5
      vertex 24.5345 -6.574 0
    endloop
  endfacet
  facet normal 0.996919 -0.0784336 0
    outer loop
      vertex 25.2609 -2.65502 5
      vertex 25.3652 -1.32933 0
      vertex 25.3652 -1.32933 5
    endloop
  endfacet
  facet normal 0.996919 -0.0784336 0
    outer loop
      vertex 25.3652 -1.32933 0
      vertex 25.2609 -2.65502 5
      vertex 25.2609 -2.65502 0
    endloop
  endfacet
  facet normal -0.688366 -0.725364 0
    outer loop
      vertex -17.9605 -17.9605 0
      vertex -16.9959 -18.8759 5
      vertex -17.9605 -17.9605 5
    endloop
  endfacet
  facet normal -0.688366 -0.725364 -0
    outer loop
      vertex -16.9959 -18.8759 5
      vertex -17.9605 -17.9605 0
      vertex -16.9959 -18.8759 0
    endloop
  endfacet
  facet normal -0.649428 -0.760423 0
    outer loop
      vertex -16.9959 -18.8759 0
      vertex -15.9847 -19.7395 5
      vertex -16.9959 -18.8759 5
    endloop
  endfacet
  facet normal -0.649428 -0.760423 -0
    outer loop
      vertex -15.9847 -19.7395 5
      vertex -16.9959 -18.8759 0
      vertex -15.9847 -19.7395 0
    endloop
  endfacet
  facet normal -0.608747 -0.793364 0
    outer loop
      vertex -15.9847 -19.7395 0
      vertex -14.9297 -20.549 5
      vertex -15.9847 -19.7395 5
    endloop
  endfacet
  facet normal -0.608747 -0.793364 -0
    outer loop
      vertex -14.9297 -20.549 5
      vertex -15.9847 -19.7395 0
      vertex -14.9297 -20.549 0
    endloop
  endfacet
  facet normal -0.430503 -0.902589 0
    outer loop
      vertex -11.5314 -22.6316 0
      vertex -10.3311 -23.2041 5
      vertex -11.5314 -22.6316 5
    endloop
  endfacet
  facet normal -0.430503 -0.902589 -0
    outer loop
      vertex -10.3311 -23.2041 5
      vertex -11.5314 -22.6316 0
      vertex -10.3311 -23.2041 0
    endloop
  endfacet
  facet normal -0.522502 -0.852638 0
    outer loop
      vertex -13.8338 -21.3022 0
      vertex -12.7 -21.997 5
      vertex -13.8338 -21.3022 5
    endloop
  endfacet
  facet normal -0.522502 -0.852638 -0
    outer loop
      vertex -12.7 -21.997 5
      vertex -13.8338 -21.3022 0
      vertex -12.7 -21.997 0
    endloop
  endfacet
  facet normal -0.233423 -0.972375 0
    outer loop
      vertex -6.574 -24.5345 0
      vertex -5.28096 -24.8449 5
      vertex -6.574 -24.5345 5
    endloop
  endfacet
  facet normal -0.233423 -0.972375 -0
    outer loop
      vertex -5.28096 -24.8449 5
      vertex -6.574 -24.5345 0
      vertex -5.28096 -24.8449 0
    endloop
  endfacet
  facet normal -0.182283 -0.983246 0
    outer loop
      vertex -5.28096 -24.8449 0
      vertex -3.97344 -25.0873 5
      vertex -5.28096 -24.8449 5
    endloop
  endfacet
  facet normal -0.182283 -0.983246 -0
    outer loop
      vertex -3.97344 -25.0873 5
      vertex -5.28096 -24.8449 0
      vertex -3.97344 -25.0873 0
    endloop
  endfacet
  facet normal -0.0784336 -0.996919 0
    outer loop
      vertex -2.65502 -25.2609 0
      vertex -1.32933 -25.3652 5
      vertex -2.65502 -25.2609 5
    endloop
  endfacet
  facet normal -0.0784336 -0.996919 -0
    outer loop
      vertex -1.32933 -25.3652 5
      vertex -2.65502 -25.2609 0
      vertex -1.32933 -25.3652 0
    endloop
  endfacet
  facet normal -0.725364 -0.688366 0
    outer loop
      vertex -17.9605 -17.9605 0
      vertex -18.8759 -16.9959 5
      vertex -18.8759 -16.9959 0
    endloop
  endfacet
  facet normal -0.725364 -0.688366 0
    outer loop
      vertex -18.8759 -16.9959 5
      vertex -17.9605 -17.9605 0
      vertex -17.9605 -17.9605 5
    endloop
  endfacet
  facet normal -0.824123 -0.566411 0
    outer loop
      vertex -20.549 -14.9297 0
      vertex -21.3022 -13.8338 5
      vertex -21.3022 -13.8338 0
    endloop
  endfacet
  facet normal -0.824123 -0.566411 0
    outer loop
      vertex -21.3022 -13.8338 5
      vertex -20.549 -14.9297 0
      vertex -20.549 -14.9297 5
    endloop
  endfacet
  facet normal -0.878785 -0.477218 0
    outer loop
      vertex -21.997 -12.7 0
      vertex -22.6316 -11.5314 5
      vertex -22.6316 -11.5314 0
    endloop
  endfacet
  facet normal -0.878785 -0.477218 0
    outer loop
      vertex -22.6316 -11.5314 5
      vertex -21.997 -12.7 0
      vertex -21.997 -12.7 5
    endloop
  endfacet
  facet normal -0.94264 -0.33381 0
    outer loop
      vertex -23.7129 -9.10255 0
      vertex -24.1568 -7.84903 5
      vertex -24.1568 -7.84903 0
    endloop
  endfacet
  facet normal -0.94264 -0.33381 0
    outer loop
      vertex -24.1568 -7.84903 5
      vertex -23.7129 -9.10255 0
      vertex -23.7129 -9.10255 5
    endloop
  endfacet
  facet normal -0.958816 -0.284028 0
    outer loop
      vertex -24.1568 -7.84903 0
      vertex -24.5345 -6.574 5
      vertex -24.5345 -6.574 0
    endloop
  endfacet
  facet normal -0.958816 -0.284028 0
    outer loop
      vertex -24.5345 -6.574 5
      vertex -24.1568 -7.84903 0
      vertex -24.1568 -7.84903 5
    endloop
  endfacet
  facet normal -0.991442 -0.130546 0
    outer loop
      vertex -25.0873 -3.97344 0
      vertex -25.2609 -2.65502 5
      vertex -25.2609 -2.65502 0
    endloop
  endfacet
  facet normal -0.991442 -0.130546 0
    outer loop
      vertex -25.2609 -2.65502 5
      vertex -25.0873 -3.97344 0
      vertex -25.0873 -3.97344 5
    endloop
  endfacet
  facet normal -0.999658 -0.0261696 0
    outer loop
      vertex -25.3652 -1.32933 0
      vertex -25.4 0 5
      vertex -25.4 0 0
    endloop
  endfacet
  facet normal -0.999658 -0.0261696 0
    outer loop
      vertex -25.4 0 5
      vertex -25.3652 -1.32933 0
      vertex -25.3652 -1.32933 5
    endloop
  endfacet
  facet normal 0.94264 0.33381 0
    outer loop
      vertex 24.1568 7.84903 5
      vertex 23.7129 9.10255 0
      vertex 23.7129 9.10255 5
    endloop
  endfacet
  facet normal 0.94264 0.33381 0
    outer loop
      vertex 23.7129 9.10255 0
      vertex 24.1568 7.84903 5
      vertex 24.1568 7.84903 0
    endloop
  endfacet
  facet normal 0.33381 0.94264 -0
    outer loop
      vertex 9.10255 23.7129 0
      vertex 7.84903 24.1568 5
      vertex 9.10255 23.7129 5
    endloop
  endfacet
  facet normal 0.33381 0.94264 0
    outer loop
      vertex 7.84903 24.1568 5
      vertex 9.10255 23.7129 0
      vertex 7.84903 24.1568 0
    endloop
  endfacet
  facet normal 0.430503 0.902589 -0
    outer loop
      vertex 11.5314 22.6316 0
      vertex 10.3311 23.2041 5
      vertex 11.5314 22.6316 5
    endloop
  endfacet
  facet normal 0.430503 0.902589 0
    outer loop
      vertex 10.3311 23.2041 5
      vertex 11.5314 22.6316 0
      vertex 10.3311 23.2041 0
    endloop
  endfacet
  facet normal -0.824123 0.566411 0
    outer loop
      vertex -21.3022 13.8338 0
      vertex -20.549 14.9297 5
      vertex -20.549 14.9297 0
    endloop
  endfacet
  facet normal -0.824123 0.566411 0
    outer loop
      vertex -20.549 14.9297 5
      vertex -21.3022 13.8338 0
      vertex -21.3022 13.8338 5
    endloop
  endfacet
  facet normal -0.793364 0.608747 0
    outer loop
      vertex -20.549 14.9297 0
      vertex -19.7395 15.9847 5
      vertex -19.7395 15.9847 0
    endloop
  endfacet
  facet normal -0.793364 0.608747 0
    outer loop
      vertex -19.7395 15.9847 5
      vertex -20.549 14.9297 0
      vertex -20.549 14.9297 5
    endloop
  endfacet
  facet normal -0.902589 0.430503 0
    outer loop
      vertex -23.2041 10.3311 0
      vertex -22.6316 11.5314 5
      vertex -22.6316 11.5314 0
    endloop
  endfacet
  facet normal -0.902589 0.430503 0
    outer loop
      vertex -22.6316 11.5314 5
      vertex -23.2041 10.3311 0
      vertex -23.2041 10.3311 5
    endloop
  endfacet
  facet normal -0.94264 0.33381 0
    outer loop
      vertex -24.1568 7.84903 0
      vertex -23.7129 9.10255 5
      vertex -23.7129 9.10255 0
    endloop
  endfacet
  facet normal -0.94264 0.33381 0
    outer loop
      vertex -23.7129 9.10255 5
      vertex -24.1568 7.84903 0
      vertex -24.1568 7.84903 5
    endloop
  endfacet
  facet normal -0.649428 0.760423 0
    outer loop
      vertex -15.9847 19.7395 0
      vertex -16.9959 18.8759 5
      vertex -15.9847 19.7395 5
    endloop
  endfacet
  facet normal -0.649428 0.760423 0
    outer loop
      vertex -16.9959 18.8759 5
      vertex -15.9847 19.7395 0
      vertex -16.9959 18.8759 0
    endloop
  endfacet
  facet normal -0.382631 0.923901 0
    outer loop
      vertex -9.10255 23.7129 0
      vertex -10.3311 23.2041 5
      vertex -9.10255 23.7129 5
    endloop
  endfacet
  facet normal -0.382631 0.923901 0
    outer loop
      vertex -10.3311 23.2041 5
      vertex -9.10255 23.7129 0
      vertex -10.3311 23.2041 0
    endloop
  endfacet
  facet normal 0.0784336 -0.996919 0
    outer loop
      vertex 1.32933 -25.3652 0
      vertex 2.65502 -25.2609 5
      vertex 1.32933 -25.3652 5
    endloop
  endfacet
  facet normal 0.0784336 -0.996919 0
    outer loop
      vertex 2.65502 -25.2609 5
      vertex 1.32933 -25.3652 0
      vertex 2.65502 -25.2609 0
    endloop
  endfacet
  facet normal 0.608747 -0.793364 0
    outer loop
      vertex 14.9297 -20.549 0
      vertex 15.9847 -19.7395 5
      vertex 14.9297 -20.549 5
    endloop
  endfacet
  facet normal 0.608747 -0.793364 0
    outer loop
      vertex 15.9847 -19.7395 5
      vertex 14.9297 -20.549 0
      vertex 15.9847 -19.7395 0
    endloop
  endfacet
  facet normal 0.430503 -0.902589 0
    outer loop
      vertex 10.3311 -23.2041 0
      vertex 11.5314 -22.6316 5
      vertex 10.3311 -23.2041 5
    endloop
  endfacet
  facet normal 0.430503 -0.902589 0
    outer loop
      vertex 11.5314 -22.6316 5
      vertex 10.3311 -23.2041 0
      vertex 11.5314 -22.6316 0
    endloop
  endfacet
  facet normal 0.824123 -0.566411 0
    outer loop
      vertex 20.549 -14.9297 5
      vertex 21.3022 -13.8338 0
      vertex 21.3022 -13.8338 5
    endloop
  endfacet
  facet normal 0.824123 -0.566411 0
    outer loop
      vertex 21.3022 -13.8338 0
      vertex 20.549 -14.9297 5
      vertex 20.549 -14.9297 0
    endloop
  endfacet
  facet normal 0.760423 -0.649428 0
    outer loop
      vertex 18.8759 -16.9959 5
      vertex 19.7395 -15.9847 0
      vertex 19.7395 -15.9847 5
    endloop
  endfacet
  facet normal 0.760423 -0.649428 0
    outer loop
      vertex 19.7395 -15.9847 0
      vertex 18.8759 -16.9959 5
      vertex 18.8759 -16.9959 0
    endloop
  endfacet
  facet normal 0.878785 -0.477218 0
    outer loop
      vertex 21.997 -12.7 5
      vertex 22.6316 -11.5314 0
      vertex 22.6316 -11.5314 5
    endloop
  endfacet
  facet normal 0.878785 -0.477218 0
    outer loop
      vertex 22.6316 -11.5314 0
      vertex 21.997 -12.7 5
      vertex 21.997 -12.7 0
    endloop
  endfacet
  facet normal 0.983246 -0.182283 0
    outer loop
      vertex 24.8449 -5.28096 5
      vertex 25.0873 -3.97344 0
      vertex 25.0873 -3.97344 5
    endloop
  endfacet
  facet normal 0.983246 -0.182283 0
    outer loop
      vertex 25.0873 -3.97344 0
      vertex 24.8449 -5.28096 5
      vertex 24.8449 -5.28096 0
    endloop
  endfacet
  facet normal -0.566411 -0.824123 0
    outer loop
      vertex -14.9297 -20.549 0
      vertex -13.8338 -21.3022 5
      vertex -14.9297 -20.549 5
    endloop
  endfacet
  facet normal -0.566411 -0.824123 -0
    outer loop
      vertex -13.8338 -21.3022 5
      vertex -14.9297 -20.549 0
      vertex -13.8338 -21.3022 0
    endloop
  endfacet
  facet normal -0.382631 -0.923901 0
    outer loop
      vertex -10.3311 -23.2041 0
      vertex -9.10255 -23.7129 5
      vertex -10.3311 -23.2041 5
    endloop
  endfacet
  facet normal -0.382631 -0.923901 -0
    outer loop
      vertex -9.10255 -23.7129 5
      vertex -10.3311 -23.2041 0
      vertex -9.10255 -23.7129 0
    endloop
  endfacet
  facet normal -0.477218 -0.878785 0
    outer loop
      vertex -12.7 -21.997 0
      vertex -11.5314 -22.6316 5
      vertex -12.7 -21.997 5
    endloop
  endfacet
  facet normal -0.477218 -0.878785 -0
    outer loop
      vertex -11.5314 -22.6316 5
      vertex -12.7 -21.997 0
      vertex -11.5314 -22.6316 0
    endloop
  endfacet
  facet normal -0.284028 -0.958816 0
    outer loop
      vertex -7.84903 -24.1568 0
      vertex -6.574 -24.5345 5
      vertex -7.84903 -24.1568 5
    endloop
  endfacet
  facet normal -0.284028 -0.958816 -0
    outer loop
      vertex -6.574 -24.5345 5
      vertex -7.84903 -24.1568 0
      vertex -6.574 -24.5345 0
    endloop
  endfacet
  facet normal -0.130546 -0.991442 0
    outer loop
      vertex -3.97344 -25.0873 0
      vertex -2.65502 -25.2609 5
      vertex -3.97344 -25.0873 5
    endloop
  endfacet
  facet normal -0.130546 -0.991442 -0
    outer loop
      vertex -2.65502 -25.2609 5
      vertex -3.97344 -25.0873 0
      vertex -2.65502 -25.2609 0
    endloop
  endfacet
  facet normal -0.793364 -0.608747 0
    outer loop
      vertex -19.7395 -15.9847 0
      vertex -20.549 -14.9297 5
      vertex -20.549 -14.9297 0
    endloop
  endfacet
  facet normal -0.793364 -0.608747 0
    outer loop
      vertex -20.549 -14.9297 5
      vertex -19.7395 -15.9847 0
      vertex -19.7395 -15.9847 5
    endloop
  endfacet
  facet normal -0.902589 -0.430503 0
    outer loop
      vertex -22.6316 -11.5314 0
      vertex -23.2041 -10.3311 5
      vertex -23.2041 -10.3311 0
    endloop
  endfacet
  facet normal -0.902589 -0.430503 0
    outer loop
      vertex -23.2041 -10.3311 5
      vertex -22.6316 -11.5314 0
      vertex -22.6316 -11.5314 5
    endloop
  endfacet
  facet normal -0.852638 -0.522502 0
    outer loop
      vertex -21.3022 -13.8338 0
      vertex -21.997 -12.7 5
      vertex -21.997 -12.7 0
    endloop
  endfacet
  facet normal -0.852638 -0.522502 0
    outer loop
      vertex -21.997 -12.7 5
      vertex -21.3022 -13.8338 0
      vertex -21.3022 -13.8338 5
    endloop
  endfacet
  facet normal -0.983246 -0.182283 0
    outer loop
      vertex -24.8449 -5.28096 0
      vertex -25.0873 -3.97344 5
      vertex -25.0873 -3.97344 0
    endloop
  endfacet
  facet normal -0.983246 -0.182283 0
    outer loop
      vertex -25.0873 -3.97344 5
      vertex -24.8449 -5.28096 0
      vertex -24.8449 -5.28096 5
    endloop
  endfacet
  facet normal -0.996919 -0.0784336 0
    outer loop
      vertex -25.2609 -2.65502 0
      vertex -25.3652 -1.32933 5
      vertex -25.3652 -1.32933 0
    endloop
  endfacet
  facet normal -0.996919 -0.0784336 0
    outer loop
      vertex -25.3652 -1.32933 5
      vertex -25.2609 -2.65502 0
      vertex -25.2609 -2.65502 5
    endloop
  endfacet
  facet normal -0.760423 0.649428 0
    outer loop
      vertex -19.7395 15.9847 0
      vertex -18.8759 16.9959 5
      vertex -18.8759 16.9959 0
    endloop
  endfacet
  facet normal -0.760423 0.649428 0
    outer loop
      vertex -18.8759 16.9959 5
      vertex -19.7395 15.9847 0
      vertex -19.7395 15.9847 5
    endloop
  endfacet
  facet normal 0.999659 0.0261143 0
    outer loop
      vertex 22.8937 0 23
      vertex 22.8624 1.19817 5
      vertex 22.8624 1.19817 23
    endloop
  endfacet
  facet normal 0.999659 0.0261143 0
    outer loop
      vertex 22.8624 1.19817 5
      vertex 22.8937 0 23
      vertex 22.8937 0 5
    endloop
  endfacet
  facet normal -0.999659 0.0261143 0
    outer loop
      vertex -22.8937 0 5
      vertex -22.8624 1.19817 23
      vertex -22.8624 1.19817 5
    endloop
  endfacet
  facet normal -0.999659 0.0261143 0
    outer loop
      vertex -22.8624 1.19817 23
      vertex -22.8937 0 5
      vertex -22.8937 0 23
    endloop
  endfacet
  facet normal -0.0261143 0.999659 0
    outer loop
      vertex 0 22.8937 5
      vertex -1.19817 22.8624 23
      vertex 0 22.8937 23
    endloop
  endfacet
  facet normal -0.0261143 0.999659 0
    outer loop
      vertex -1.19817 22.8624 23
      vertex 0 22.8937 5
      vertex -1.19817 22.8624 5
    endloop
  endfacet
  facet normal 0.0261143 -0.999659 0
    outer loop
      vertex 0 -22.8937 5
      vertex 1.19817 -22.8624 23
      vertex 0 -22.8937 23
    endloop
  endfacet
  facet normal 0.0261143 -0.999659 0
    outer loop
      vertex 1.19817 -22.8624 23
      vertex 0 -22.8937 5
      vertex 1.19817 -22.8624 5
    endloop
  endfacet
  facet normal 0.688385 0.725345 -0
    outer loop
      vertex 16.1883 16.1883 5
      vertex 15.3189 17.0134 23
      vertex 16.1883 16.1883 23
    endloop
  endfacet
  facet normal 0.688385 0.725345 0
    outer loop
      vertex 15.3189 17.0134 23
      vertex 16.1883 16.1883 5
      vertex 15.3189 17.0134 5
    endloop
  endfacet
  facet normal -0.725345 0.688385 0
    outer loop
      vertex -17.0134 15.3189 5
      vertex -16.1883 16.1883 23
      vertex -16.1883 16.1883 5
    endloop
  endfacet
  facet normal -0.725345 0.688385 0
    outer loop
      vertex -16.1883 16.1883 23
      vertex -17.0134 15.3189 5
      vertex -17.0134 15.3189 23
    endloop
  endfacet
  facet normal -0.382701 0.923872 0
    outer loop
      vertex -8.20439 21.3732 5
      vertex -9.31173 20.9145 23
      vertex -8.20439 21.3732 23
    endloop
  endfacet
  facet normal -0.382701 0.923872 0
    outer loop
      vertex -9.31173 20.9145 23
      vertex -8.20439 21.3732 5
      vertex -9.31173 20.9145 5
    endloop
  endfacet
  facet normal 0.923872 0.382701 0
    outer loop
      vertex 21.3732 8.20439 23
      vertex 20.9145 9.31173 5
      vertex 20.9145 9.31173 23
    endloop
  endfacet
  facet normal 0.923872 0.382701 0
    outer loop
      vertex 20.9145 9.31173 5
      vertex 21.3732 8.20439 23
      vertex 21.3732 8.20439 5
    endloop
  endfacet
  facet normal 0.382701 0.923872 -0
    outer loop
      vertex 9.31173 20.9145 5
      vertex 8.20439 21.3732 23
      vertex 9.31173 20.9145 23
    endloop
  endfacet
  facet normal 0.382701 0.923872 0
    outer loop
      vertex 8.20439 21.3732 23
      vertex 9.31173 20.9145 5
      vertex 8.20439 21.3732 5
    endloop
  endfacet
  facet normal 0.522546 0.852611 -0
    outer loop
      vertex 12.4688 19.2003 5
      vertex 11.4469 19.8266 23
      vertex 12.4688 19.2003 23
    endloop
  endfacet
  facet normal 0.522546 0.852611 0
    outer loop
      vertex 11.4469 19.8266 23
      vertex 12.4688 19.2003 5
      vertex 11.4469 19.8266 5
    endloop
  endfacet
  facet normal -0.923872 0.382701 0
    outer loop
      vertex -21.3732 8.20439 5
      vertex -20.9145 9.31173 23
      vertex -20.9145 9.31173 5
    endloop
  endfacet
  facet normal -0.923872 0.382701 0
    outer loop
      vertex -20.9145 9.31173 23
      vertex -21.3732 8.20439 5
      vertex -21.3732 8.20439 23
    endloop
  endfacet
  facet normal -0.182216 0.983258 0
    outer loop
      vertex -3.58137 22.6119 5
      vertex -4.75988 22.3935 23
      vertex -3.58137 22.6119 23
    endloop
  endfacet
  facet normal -0.182216 0.983258 0
    outer loop
      vertex -4.75988 22.3935 23
      vertex -3.58137 22.6119 5
      vertex -4.75988 22.3935 5
    endloop
  endfacet
  facet normal 0.983258 0.182216 0
    outer loop
      vertex 22.6119 3.58137 23
      vertex 22.3935 4.75988 5
      vertex 22.3935 4.75988 23
    endloop
  endfacet
  facet normal 0.983258 0.182216 0
    outer loop
      vertex 22.3935 4.75988 5
      vertex 22.6119 3.58137 23
      vertex 22.6119 3.58137 5
    endloop
  endfacet
  facet normal 0.824125 0.566408 0
    outer loop
      vertex 19.2003 12.4688 23
      vertex 18.5214 13.4566 5
      vertex 18.5214 13.4566 23
    endloop
  endfacet
  facet normal 0.824125 0.566408 0
    outer loop
      vertex 18.5214 13.4566 5
      vertex 19.2003 12.4688 23
      vertex 19.2003 12.4688 5
    endloop
  endfacet
  facet normal 0.878834 0.477127 0
    outer loop
      vertex 20.3985 10.3935 23
      vertex 19.8266 11.4469 5
      vertex 19.8266 11.4469 23
    endloop
  endfacet
  facet normal 0.878834 0.477127 0
    outer loop
      vertex 19.8266 11.4469 5
      vertex 20.3985 10.3935 23
      vertex 20.3985 10.3935 5
    endloop
  endfacet
  facet normal 0.182216 0.983258 -0
    outer loop
      vertex 4.75988 22.3935 5
      vertex 3.58137 22.6119 23
      vertex 4.75988 22.3935 23
    endloop
  endfacet
  facet normal 0.182216 0.983258 0
    outer loop
      vertex 3.58137 22.6119 23
      vertex 4.75988 22.3935 5
      vertex 3.58137 22.6119 5
    endloop
  endfacet
  facet normal 0.608735 0.793374 -0
    outer loop
      vertex 14.4075 17.7918 5
      vertex 13.4566 18.5214 23
      vertex 14.4075 17.7918 23
    endloop
  endfacet
  facet normal 0.608735 0.793374 0
    outer loop
      vertex 13.4566 18.5214 23
      vertex 14.4075 17.7918 5
      vertex 13.4566 18.5214 5
    endloop
  endfacet
  facet normal -0.983258 0.182216 0
    outer loop
      vertex -22.6119 3.58137 5
      vertex -22.3935 4.75988 23
      vertex -22.3935 4.75988 5
    endloop
  endfacet
  facet normal -0.983258 0.182216 0
    outer loop
      vertex -22.3935 4.75988 23
      vertex -22.6119 3.58137 5
      vertex -22.6119 3.58137 23
    endloop
  endfacet
  facet normal -0.852611 0.522546 0
    outer loop
      vertex -19.8266 11.4469 5
      vertex -19.2003 12.4688 23
      vertex -19.2003 12.4688 5
    endloop
  endfacet
  facet normal -0.852611 0.522546 0
    outer loop
      vertex -19.2003 12.4688 23
      vertex -19.8266 11.4469 5
      vertex -19.8266 11.4469 23
    endloop
  endfacet
  facet normal -0.99145 0.130489 0
    outer loop
      vertex -22.7683 2.39305 5
      vertex -22.6119 3.58137 23
      vertex -22.6119 3.58137 5
    endloop
  endfacet
  facet normal -0.99145 0.130489 0
    outer loop
      vertex -22.6119 3.58137 23
      vertex -22.7683 2.39305 5
      vertex -22.7683 2.39305 23
    endloop
  endfacet
  facet normal -0.566408 0.824125 0
    outer loop
      vertex -12.4688 19.2003 5
      vertex -13.4566 18.5214 23
      vertex -12.4688 19.2003 23
    endloop
  endfacet
  facet normal -0.566408 0.824125 0
    outer loop
      vertex -13.4566 18.5214 23
      vertex -12.4688 19.2003 5
      vertex -13.4566 18.5214 5
    endloop
  endfacet
  facet normal -0.130489 0.99145 0
    outer loop
      vertex -2.39305 22.7683 5
      vertex -3.58137 22.6119 23
      vertex -2.39305 22.7683 23
    endloop
  endfacet
  facet normal -0.130489 0.99145 0
    outer loop
      vertex -3.58137 22.6119 23
      vertex -2.39305 22.7683 5
      vertex -3.58137 22.6119 5
    endloop
  endfacet
  facet normal 0.725345 -0.688385 0
    outer loop
      vertex 16.1883 -16.1883 23
      vertex 17.0134 -15.3189 5
      vertex 17.0134 -15.3189 23
    endloop
  endfacet
  facet normal 0.725345 -0.688385 0
    outer loop
      vertex 17.0134 -15.3189 5
      vertex 16.1883 -16.1883 23
      vertex 16.1883 -16.1883 5
    endloop
  endfacet
  facet normal 0.99145 -0.130489 0
    outer loop
      vertex 22.6119 -3.58137 23
      vertex 22.7683 -2.39305 5
      vertex 22.7683 -2.39305 23
    endloop
  endfacet
  facet normal 0.99145 -0.130489 0
    outer loop
      vertex 22.7683 -2.39305 5
      vertex 22.6119 -3.58137 23
      vertex 22.6119 -3.58137 5
    endloop
  endfacet
  facet normal -0.902578 -0.430526 0
    outer loop
      vertex -20.3985 -10.3935 5
      vertex -20.9145 -9.31173 23
      vertex -20.9145 -9.31173 5
    endloop
  endfacet
  facet normal -0.902578 -0.430526 0
    outer loop
      vertex -20.9145 -9.31173 23
      vertex -20.3985 -10.3935 5
      vertex -20.3985 -10.3935 23
    endloop
  endfacet
  facet normal 0.0785096 -0.996913 0
    outer loop
      vertex 1.19817 -22.8624 5
      vertex 2.39305 -22.7683 23
      vertex 1.19817 -22.8624 23
    endloop
  endfacet
  facet normal 0.0785096 -0.996913 0
    outer loop
      vertex 2.39305 -22.7683 23
      vertex 1.19817 -22.8624 5
      vertex 2.39305 -22.7683 5
    endloop
  endfacet
  facet normal 0.99145 0.130489 0
    outer loop
      vertex 22.7683 2.39305 23
      vertex 22.6119 3.58137 5
      vertex 22.6119 3.58137 23
    endloop
  endfacet
  facet normal 0.99145 0.130489 0
    outer loop
      vertex 22.6119 3.58137 5
      vertex 22.7683 2.39305 23
      vertex 22.7683 2.39305 5
    endloop
  endfacet
  facet normal 0.996913 0.0785096 0
    outer loop
      vertex 22.8624 1.19817 23
      vertex 22.7683 2.39305 5
      vertex 22.7683 2.39305 23
    endloop
  endfacet
  facet normal 0.996913 0.0785096 0
    outer loop
      vertex 22.7683 2.39305 5
      vertex 22.8624 1.19817 23
      vertex 22.8624 1.19817 5
    endloop
  endfacet
  facet normal 0.958823 0.284004 0
    outer loop
      vertex 22.1137 5.92534 23
      vertex 21.7733 7.07456 5
      vertex 21.7733 7.07456 23
    endloop
  endfacet
  facet normal 0.958823 0.284004 0
    outer loop
      vertex 21.7733 7.07456 5
      vertex 22.1137 5.92534 23
      vertex 22.1137 5.92534 5
    endloop
  endfacet
  facet normal 0.94264 0.333811 0
    outer loop
      vertex 21.7733 7.07456 23
      vertex 21.3732 8.20439 5
      vertex 21.3732 8.20439 23
    endloop
  endfacet
  facet normal 0.94264 0.333811 0
    outer loop
      vertex 21.3732 8.20439 5
      vertex 21.7733 7.07456 23
      vertex 21.7733 7.07456 5
    endloop
  endfacet
  facet normal 0.97237 0.233444 0
    outer loop
      vertex 22.3935 4.75988 23
      vertex 22.1137 5.92534 5
      vertex 22.1137 5.92534 23
    endloop
  endfacet
  facet normal 0.97237 0.233444 0
    outer loop
      vertex 22.1137 5.92534 5
      vertex 22.3935 4.75988 23
      vertex 22.3935 4.75988 5
    endloop
  endfacet
  facet normal 0.76041 0.649444 0
    outer loop
      vertex 17.7918 14.4075 23
      vertex 17.0134 15.3189 5
      vertex 17.0134 15.3189 23
    endloop
  endfacet
  facet normal 0.76041 0.649444 0
    outer loop
      vertex 17.0134 15.3189 5
      vertex 17.7918 14.4075 23
      vertex 17.7918 14.4075 5
    endloop
  endfacet
  facet normal 0.793374 0.608735 0
    outer loop
      vertex 18.5214 13.4566 23
      vertex 17.7918 14.4075 5
      vertex 17.7918 14.4075 23
    endloop
  endfacet
  facet normal 0.793374 0.608735 0
    outer loop
      vertex 17.7918 14.4075 5
      vertex 18.5214 13.4566 23
      vertex 18.5214 13.4566 5
    endloop
  endfacet
  facet normal 0.725345 0.688385 0
    outer loop
      vertex 17.0134 15.3189 23
      vertex 16.1883 16.1883 5
      vertex 16.1883 16.1883 23
    endloop
  endfacet
  facet normal 0.725345 0.688385 0
    outer loop
      vertex 16.1883 16.1883 5
      vertex 17.0134 15.3189 23
      vertex 17.0134 15.3189 5
    endloop
  endfacet
  facet normal 0.852611 0.522546 0
    outer loop
      vertex 19.8266 11.4469 23
      vertex 19.2003 12.4688 5
      vertex 19.2003 12.4688 23
    endloop
  endfacet
  facet normal 0.852611 0.522546 0
    outer loop
      vertex 19.2003 12.4688 5
      vertex 19.8266 11.4469 23
      vertex 19.8266 11.4469 5
    endloop
  endfacet
  facet normal 0.902578 0.430526 0
    outer loop
      vertex 20.9145 9.31173 23
      vertex 20.3985 10.3935 5
      vertex 20.3985 10.3935 23
    endloop
  endfacet
  facet normal 0.902578 0.430526 0
    outer loop
      vertex 20.3985 10.3935 5
      vertex 20.9145 9.31173 23
      vertex 20.9145 9.31173 5
    endloop
  endfacet
  facet normal 0.0785096 0.996913 -0
    outer loop
      vertex 2.39305 22.7683 5
      vertex 1.19817 22.8624 23
      vertex 2.39305 22.7683 23
    endloop
  endfacet
  facet normal 0.0785096 0.996913 0
    outer loop
      vertex 1.19817 22.8624 23
      vertex 2.39305 22.7683 5
      vertex 1.19817 22.8624 5
    endloop
  endfacet
  facet normal 0.284004 0.958823 -0
    outer loop
      vertex 7.07456 21.7733 5
      vertex 5.92534 22.1137 23
      vertex 7.07456 21.7733 23
    endloop
  endfacet
  facet normal 0.284004 0.958823 0
    outer loop
      vertex 5.92534 22.1137 23
      vertex 7.07456 21.7733 5
      vertex 5.92534 22.1137 5
    endloop
  endfacet
  facet normal 0.333811 0.94264 -0
    outer loop
      vertex 8.20439 21.3732 5
      vertex 7.07456 21.7733 23
      vertex 8.20439 21.3732 23
    endloop
  endfacet
  facet normal 0.333811 0.94264 0
    outer loop
      vertex 7.07456 21.7733 23
      vertex 8.20439 21.3732 5
      vertex 7.07456 21.7733 5
    endloop
  endfacet
  facet normal 0.233444 0.97237 -0
    outer loop
      vertex 5.92534 22.1137 5
      vertex 4.75988 22.3935 23
      vertex 5.92534 22.1137 23
    endloop
  endfacet
  facet normal 0.233444 0.97237 0
    outer loop
      vertex 4.75988 22.3935 23
      vertex 5.92534 22.1137 5
      vertex 4.75988 22.3935 5
    endloop
  endfacet
  facet normal 0.130489 0.99145 -0
    outer loop
      vertex 3.58137 22.6119 5
      vertex 2.39305 22.7683 23
      vertex 3.58137 22.6119 23
    endloop
  endfacet
  facet normal 0.130489 0.99145 0
    outer loop
      vertex 2.39305 22.7683 23
      vertex 3.58137 22.6119 5
      vertex 2.39305 22.7683 5
    endloop
  endfacet
  facet normal 0.0261143 0.999659 -0
    outer loop
      vertex 1.19817 22.8624 5
      vertex 0 22.8937 23
      vertex 1.19817 22.8624 23
    endloop
  endfacet
  facet normal 0.0261143 0.999659 0
    outer loop
      vertex 0 22.8937 23
      vertex 1.19817 22.8624 5
      vertex 0 22.8937 5
    endloop
  endfacet
  facet normal 0.477127 0.878834 -0
    outer loop
      vertex 11.4469 19.8266 5
      vertex 10.3935 20.3985 23
      vertex 11.4469 19.8266 23
    endloop
  endfacet
  facet normal 0.477127 0.878834 0
    outer loop
      vertex 10.3935 20.3985 23
      vertex 11.4469 19.8266 5
      vertex 10.3935 20.3985 5
    endloop
  endfacet
  facet normal 0.430526 0.902578 -0
    outer loop
      vertex 10.3935 20.3985 5
      vertex 9.31173 20.9145 23
      vertex 10.3935 20.3985 23
    endloop
  endfacet
  facet normal 0.430526 0.902578 0
    outer loop
      vertex 9.31173 20.9145 23
      vertex 10.3935 20.3985 5
      vertex 9.31173 20.9145 5
    endloop
  endfacet
  facet normal 0.566408 0.824125 -0
    outer loop
      vertex 13.4566 18.5214 5
      vertex 12.4688 19.2003 23
      vertex 13.4566 18.5214 23
    endloop
  endfacet
  facet normal 0.566408 0.824125 0
    outer loop
      vertex 12.4688 19.2003 23
      vertex 13.4566 18.5214 5
      vertex 12.4688 19.2003 5
    endloop
  endfacet
  facet normal 0.649444 0.76041 -0
    outer loop
      vertex 15.3189 17.0134 5
      vertex 14.4075 17.7918 23
      vertex 15.3189 17.0134 23
    endloop
  endfacet
  facet normal 0.649444 0.76041 0
    outer loop
      vertex 14.4075 17.7918 23
      vertex 15.3189 17.0134 5
      vertex 14.4075 17.7918 5
    endloop
  endfacet
  facet normal -0.793374 0.608735 0
    outer loop
      vertex -18.5214 13.4566 5
      vertex -17.7918 14.4075 23
      vertex -17.7918 14.4075 5
    endloop
  endfacet
  facet normal -0.793374 0.608735 0
    outer loop
      vertex -17.7918 14.4075 23
      vertex -18.5214 13.4566 5
      vertex -18.5214 13.4566 23
    endloop
  endfacet
  facet normal -0.76041 0.649444 0
    outer loop
      vertex -17.7918 14.4075 5
      vertex -17.0134 15.3189 23
      vertex -17.0134 15.3189 5
    endloop
  endfacet
  facet normal -0.76041 0.649444 0
    outer loop
      vertex -17.0134 15.3189 23
      vertex -17.7918 14.4075 5
      vertex -17.7918 14.4075 23
    endloop
  endfacet
  facet normal -0.824125 0.566408 0
    outer loop
      vertex -19.2003 12.4688 5
      vertex -18.5214 13.4566 23
      vertex -18.5214 13.4566 5
    endloop
  endfacet
  facet normal -0.824125 0.566408 0
    outer loop
      vertex -18.5214 13.4566 23
      vertex -19.2003 12.4688 5
      vertex -19.2003 12.4688 23
    endloop
  endfacet
  facet normal -0.902578 0.430526 0
    outer loop
      vertex -20.9145 9.31173 5
      vertex -20.3985 10.3935 23
      vertex -20.3985 10.3935 5
    endloop
  endfacet
  facet normal -0.902578 0.430526 0
    outer loop
      vertex -20.3985 10.3935 23
      vertex -20.9145 9.31173 5
      vertex -20.9145 9.31173 23
    endloop
  endfacet
  facet normal -0.878834 0.477127 0
    outer loop
      vertex -20.3985 10.3935 5
      vertex -19.8266 11.4469 23
      vertex -19.8266 11.4469 5
    endloop
  endfacet
  facet normal -0.878834 0.477127 0
    outer loop
      vertex -19.8266 11.4469 23
      vertex -20.3985 10.3935 5
      vertex -20.3985 10.3935 23
    endloop
  endfacet
  facet normal -0.958823 0.284004 0
    outer loop
      vertex -22.1137 5.92534 5
      vertex -21.7733 7.07456 23
      vertex -21.7733 7.07456 5
    endloop
  endfacet
  facet normal -0.958823 0.284004 0
    outer loop
      vertex -21.7733 7.07456 23
      vertex -22.1137 5.92534 5
      vertex -22.1137 5.92534 23
    endloop
  endfacet
  facet normal -0.94264 0.333811 0
    outer loop
      vertex -21.7733 7.07456 5
      vertex -21.3732 8.20439 23
      vertex -21.3732 8.20439 5
    endloop
  endfacet
  facet normal -0.94264 0.333811 0
    outer loop
      vertex -21.3732 8.20439 23
      vertex -21.7733 7.07456 5
      vertex -21.7733 7.07456 23
    endloop
  endfacet
  facet normal -0.97237 0.233444 0
    outer loop
      vertex -22.3935 4.75988 5
      vertex -22.1137 5.92534 23
      vertex -22.1137 5.92534 5
    endloop
  endfacet
  facet normal -0.97237 0.233444 0
    outer loop
      vertex -22.1137 5.92534 23
      vertex -22.3935 4.75988 5
      vertex -22.3935 4.75988 23
    endloop
  endfacet
  facet normal -0.996913 0.0785096 0
    outer loop
      vertex -22.8624 1.19817 5
      vertex -22.7683 2.39305 23
      vertex -22.7683 2.39305 5
    endloop
  endfacet
  facet normal -0.996913 0.0785096 0
    outer loop
      vertex -22.7683 2.39305 23
      vertex -22.8624 1.19817 5
      vertex -22.8624 1.19817 23
    endloop
  endfacet
  facet normal -0.649444 0.76041 0
    outer loop
      vertex -14.4075 17.7918 5
      vertex -15.3189 17.0134 23
      vertex -14.4075 17.7918 23
    endloop
  endfacet
  facet normal -0.649444 0.76041 0
    outer loop
      vertex -15.3189 17.0134 23
      vertex -14.4075 17.7918 5
      vertex -15.3189 17.0134 5
    endloop
  endfacet
  facet normal -0.477127 0.878834 0
    outer loop
      vertex -10.3935 20.3985 5
      vertex -11.4469 19.8266 23
      vertex -10.3935 20.3985 23
    endloop
  endfacet
  facet normal -0.477127 0.878834 0
    outer loop
      vertex -11.4469 19.8266 23
      vertex -10.3935 20.3985 5
      vertex -11.4469 19.8266 5
    endloop
  endfacet
  facet normal -0.430526 0.902578 0
    outer loop
      vertex -9.31173 20.9145 5
      vertex -10.3935 20.3985 23
      vertex -9.31173 20.9145 23
    endloop
  endfacet
  facet normal -0.430526 0.902578 0
    outer loop
      vertex -10.3935 20.3985 23
      vertex -9.31173 20.9145 5
      vertex -10.3935 20.3985 5
    endloop
  endfacet
  facet normal -0.522546 0.852611 0
    outer loop
      vertex -11.4469 19.8266 5
      vertex -12.4688 19.2003 23
      vertex -11.4469 19.8266 23
    endloop
  endfacet
  facet normal -0.522546 0.852611 0
    outer loop
      vertex -12.4688 19.2003 23
      vertex -11.4469 19.8266 5
      vertex -12.4688 19.2003 5
    endloop
  endfacet
  facet normal -0.688385 0.725345 0
    outer loop
      vertex -15.3189 17.0134 5
      vertex -16.1883 16.1883 23
      vertex -15.3189 17.0134 23
    endloop
  endfacet
  facet normal -0.688385 0.725345 0
    outer loop
      vertex -16.1883 16.1883 23
      vertex -15.3189 17.0134 5
      vertex -16.1883 16.1883 5
    endloop
  endfacet
  facet normal -0.284004 0.958823 0
    outer loop
      vertex -5.92534 22.1137 5
      vertex -7.07456 21.7733 23
      vertex -5.92534 22.1137 23
    endloop
  endfacet
  facet normal -0.284004 0.958823 0
    outer loop
      vertex -7.07456 21.7733 23
      vertex -5.92534 22.1137 5
      vertex -7.07456 21.7733 5
    endloop
  endfacet
  facet normal -0.233444 0.97237 0
    outer loop
      vertex -4.75988 22.3935 5
      vertex -5.92534 22.1137 23
      vertex -4.75988 22.3935 23
    endloop
  endfacet
  facet normal -0.233444 0.97237 0
    outer loop
      vertex -5.92534 22.1137 23
      vertex -4.75988 22.3935 5
      vertex -5.92534 22.1137 5
    endloop
  endfacet
  facet normal -0.333811 0.94264 0
    outer loop
      vertex -7.07456 21.7733 5
      vertex -8.20439 21.3732 23
      vertex -7.07456 21.7733 23
    endloop
  endfacet
  facet normal -0.333811 0.94264 0
    outer loop
      vertex -8.20439 21.3732 23
      vertex -7.07456 21.7733 5
      vertex -8.20439 21.3732 5
    endloop
  endfacet
  facet normal -0.0785096 0.996913 0
    outer loop
      vertex -1.19817 22.8624 5
      vertex -2.39305 22.7683 23
      vertex -1.19817 22.8624 23
    endloop
  endfacet
  facet normal -0.0785096 0.996913 0
    outer loop
      vertex -2.39305 22.7683 23
      vertex -1.19817 22.8624 5
      vertex -2.39305 22.7683 5
    endloop
  endfacet
  facet normal 0.76041 -0.649444 0
    outer loop
      vertex 17.0134 -15.3189 23
      vertex 17.7918 -14.4075 5
      vertex 17.7918 -14.4075 23
    endloop
  endfacet
  facet normal 0.76041 -0.649444 0
    outer loop
      vertex 17.7918 -14.4075 5
      vertex 17.0134 -15.3189 23
      vertex 17.0134 -15.3189 5
    endloop
  endfacet
  facet normal 0.878834 -0.477127 0
    outer loop
      vertex 19.8266 -11.4469 23
      vertex 20.3985 -10.3935 5
      vertex 20.3985 -10.3935 23
    endloop
  endfacet
  facet normal 0.878834 -0.477127 0
    outer loop
      vertex 20.3985 -10.3935 5
      vertex 19.8266 -11.4469 23
      vertex 19.8266 -11.4469 5
    endloop
  endfacet
  facet normal 0.983258 -0.182216 0
    outer loop
      vertex 22.3935 -4.75988 23
      vertex 22.6119 -3.58137 5
      vertex 22.6119 -3.58137 23
    endloop
  endfacet
  facet normal 0.983258 -0.182216 0
    outer loop
      vertex 22.6119 -3.58137 5
      vertex 22.3935 -4.75988 23
      vertex 22.3935 -4.75988 5
    endloop
  endfacet
  facet normal 0.182216 -0.983258 0
    outer loop
      vertex 3.58137 -22.6119 5
      vertex 4.75988 -22.3935 23
      vertex 3.58137 -22.6119 23
    endloop
  endfacet
  facet normal 0.182216 -0.983258 0
    outer loop
      vertex 4.75988 -22.3935 23
      vertex 3.58137 -22.6119 5
      vertex 4.75988 -22.3935 5
    endloop
  endfacet
  facet normal 0.333811 -0.94264 0
    outer loop
      vertex 7.07456 -21.7733 5
      vertex 8.20439 -21.3732 23
      vertex 7.07456 -21.7733 23
    endloop
  endfacet
  facet normal 0.333811 -0.94264 0
    outer loop
      vertex 8.20439 -21.3732 23
      vertex 7.07456 -21.7733 5
      vertex 8.20439 -21.3732 5
    endloop
  endfacet
  facet normal -0.608735 0.793374 0
    outer loop
      vertex -13.4566 18.5214 5
      vertex -14.4075 17.7918 23
      vertex -13.4566 18.5214 23
    endloop
  endfacet
  facet normal -0.608735 0.793374 0
    outer loop
      vertex -14.4075 17.7918 23
      vertex -13.4566 18.5214 5
      vertex -14.4075 17.7918 5
    endloop
  endfacet
  facet normal 0.996913 -0.0785096 0
    outer loop
      vertex 22.7683 -2.39305 23
      vertex 22.8624 -1.19817 5
      vertex 22.8624 -1.19817 23
    endloop
  endfacet
  facet normal 0.996913 -0.0785096 0
    outer loop
      vertex 22.8624 -1.19817 5
      vertex 22.7683 -2.39305 23
      vertex 22.7683 -2.39305 5
    endloop
  endfacet
  facet normal 0.999659 -0.0261143 0
    outer loop
      vertex 22.8624 -1.19817 23
      vertex 22.8937 0 5
      vertex 22.8937 0 23
    endloop
  endfacet
  facet normal 0.999659 -0.0261143 0
    outer loop
      vertex 22.8937 0 5
      vertex 22.8624 -1.19817 23
      vertex 22.8624 -1.19817 5
    endloop
  endfacet
  facet normal 0.923872 -0.382701 0
    outer loop
      vertex 20.9145 -9.31173 23
      vertex 21.3732 -8.20439 5
      vertex 21.3732 -8.20439 23
    endloop
  endfacet
  facet normal 0.923872 -0.382701 0
    outer loop
      vertex 21.3732 -8.20439 5
      vertex 20.9145 -9.31173 23
      vertex 20.9145 -9.31173 5
    endloop
  endfacet
  facet normal 0.97237 -0.233444 0
    outer loop
      vertex 22.1137 -5.92534 23
      vertex 22.3935 -4.75988 5
      vertex 22.3935 -4.75988 23
    endloop
  endfacet
  facet normal 0.97237 -0.233444 0
    outer loop
      vertex 22.3935 -4.75988 5
      vertex 22.1137 -5.92534 23
      vertex 22.1137 -5.92534 5
    endloop
  endfacet
  facet normal 0.958823 -0.284004 0
    outer loop
      vertex 21.7733 -7.07456 23
      vertex 22.1137 -5.92534 5
      vertex 22.1137 -5.92534 23
    endloop
  endfacet
  facet normal 0.958823 -0.284004 0
    outer loop
      vertex 22.1137 -5.92534 5
      vertex 21.7733 -7.07456 23
      vertex 21.7733 -7.07456 5
    endloop
  endfacet
  facet normal -0.430526 -0.902578 0
    outer loop
      vertex -10.3935 -20.3985 5
      vertex -9.31173 -20.9145 23
      vertex -10.3935 -20.3985 23
    endloop
  endfacet
  facet normal -0.430526 -0.902578 -0
    outer loop
      vertex -9.31173 -20.9145 23
      vertex -10.3935 -20.3985 5
      vertex -9.31173 -20.9145 5
    endloop
  endfacet
  facet normal -0.130489 -0.99145 0
    outer loop
      vertex -3.58137 -22.6119 5
      vertex -2.39305 -22.7683 23
      vertex -3.58137 -22.6119 23
    endloop
  endfacet
  facet normal -0.130489 -0.99145 -0
    outer loop
      vertex -2.39305 -22.7683 23
      vertex -3.58137 -22.6119 5
      vertex -2.39305 -22.7683 5
    endloop
  endfacet
  facet normal -0.824125 -0.566408 0
    outer loop
      vertex -18.5214 -13.4566 5
      vertex -19.2003 -12.4688 23
      vertex -19.2003 -12.4688 5
    endloop
  endfacet
  facet normal -0.824125 -0.566408 0
    outer loop
      vertex -19.2003 -12.4688 23
      vertex -18.5214 -13.4566 5
      vertex -18.5214 -13.4566 23
    endloop
  endfacet
  facet normal -0.793374 -0.608735 0
    outer loop
      vertex -17.7918 -14.4075 5
      vertex -18.5214 -13.4566 23
      vertex -18.5214 -13.4566 5
    endloop
  endfacet
  facet normal -0.793374 -0.608735 0
    outer loop
      vertex -18.5214 -13.4566 23
      vertex -17.7918 -14.4075 5
      vertex -17.7918 -14.4075 23
    endloop
  endfacet
  facet normal -0.97237 -0.233444 0
    outer loop
      vertex -22.1137 -5.92534 5
      vertex -22.3935 -4.75988 23
      vertex -22.3935 -4.75988 5
    endloop
  endfacet
  facet normal -0.97237 -0.233444 0
    outer loop
      vertex -22.3935 -4.75988 23
      vertex -22.1137 -5.92534 5
      vertex -22.1137 -5.92534 23
    endloop
  endfacet
  facet normal -0.99145 -0.130489 0
    outer loop
      vertex -22.6119 -3.58137 5
      vertex -22.7683 -2.39305 23
      vertex -22.7683 -2.39305 5
    endloop
  endfacet
  facet normal -0.99145 -0.130489 0
    outer loop
      vertex -22.7683 -2.39305 23
      vertex -22.6119 -3.58137 5
      vertex -22.6119 -3.58137 23
    endloop
  endfacet
  facet normal -0.983258 -0.182216 0
    outer loop
      vertex -22.3935 -4.75988 5
      vertex -22.6119 -3.58137 23
      vertex -22.6119 -3.58137 5
    endloop
  endfacet
  facet normal -0.983258 -0.182216 0
    outer loop
      vertex -22.6119 -3.58137 23
      vertex -22.3935 -4.75988 5
      vertex -22.3935 -4.75988 23
    endloop
  endfacet
  facet normal 0.382701 -0.923872 0
    outer loop
      vertex 8.20439 -21.3732 5
      vertex 9.31173 -20.9145 23
      vertex 8.20439 -21.3732 23
    endloop
  endfacet
  facet normal 0.382701 -0.923872 0
    outer loop
      vertex 9.31173 -20.9145 23
      vertex 8.20439 -21.3732 5
      vertex 9.31173 -20.9145 5
    endloop
  endfacet
  facet normal 0.852611 -0.522546 0
    outer loop
      vertex 19.2003 -12.4688 23
      vertex 19.8266 -11.4469 5
      vertex 19.8266 -11.4469 23
    endloop
  endfacet
  facet normal 0.852611 -0.522546 0
    outer loop
      vertex 19.8266 -11.4469 5
      vertex 19.2003 -12.4688 23
      vertex 19.2003 -12.4688 5
    endloop
  endfacet
  facet normal 0.793374 -0.608735 0
    outer loop
      vertex 17.7918 -14.4075 23
      vertex 18.5214 -13.4566 5
      vertex 18.5214 -13.4566 23
    endloop
  endfacet
  facet normal 0.793374 -0.608735 0
    outer loop
      vertex 18.5214 -13.4566 5
      vertex 17.7918 -14.4075 23
      vertex 17.7918 -14.4075 5
    endloop
  endfacet
  facet normal 0.688385 -0.725345 0
    outer loop
      vertex 15.3189 -17.0134 5
      vertex 16.1883 -16.1883 23
      vertex 15.3189 -17.0134 23
    endloop
  endfacet
  facet normal 0.688385 -0.725345 0
    outer loop
      vertex 16.1883 -16.1883 23
      vertex 15.3189 -17.0134 5
      vertex 16.1883 -16.1883 5
    endloop
  endfacet
  facet normal 0.649444 -0.76041 0
    outer loop
      vertex 14.4075 -17.7918 5
      vertex 15.3189 -17.0134 23
      vertex 14.4075 -17.7918 23
    endloop
  endfacet
  facet normal 0.649444 -0.76041 0
    outer loop
      vertex 15.3189 -17.0134 23
      vertex 14.4075 -17.7918 5
      vertex 15.3189 -17.0134 5
    endloop
  endfacet
  facet normal 0.522546 -0.852611 0
    outer loop
      vertex 11.4469 -19.8266 5
      vertex 12.4688 -19.2003 23
      vertex 11.4469 -19.8266 23
    endloop
  endfacet
  facet normal 0.522546 -0.852611 0
    outer loop
      vertex 12.4688 -19.2003 23
      vertex 11.4469 -19.8266 5
      vertex 12.4688 -19.2003 5
    endloop
  endfacet
  facet normal 0.902578 -0.430526 0
    outer loop
      vertex 20.3985 -10.3935 23
      vertex 20.9145 -9.31173 5
      vertex 20.9145 -9.31173 23
    endloop
  endfacet
  facet normal 0.902578 -0.430526 0
    outer loop
      vertex 20.9145 -9.31173 5
      vertex 20.3985 -10.3935 23
      vertex 20.3985 -10.3935 5
    endloop
  endfacet
  facet normal 0.94264 -0.333811 0
    outer loop
      vertex 21.3732 -8.20439 23
      vertex 21.7733 -7.07456 5
      vertex 21.7733 -7.07456 23
    endloop
  endfacet
  facet normal 0.94264 -0.333811 0
    outer loop
      vertex 21.7733 -7.07456 5
      vertex 21.3732 -8.20439 23
      vertex 21.3732 -8.20439 5
    endloop
  endfacet
  facet normal -0.0261143 -0.999659 0
    outer loop
      vertex -1.19817 -22.8624 5
      vertex 0 -22.8937 23
      vertex -1.19817 -22.8624 23
    endloop
  endfacet
  facet normal -0.0261143 -0.999659 -0
    outer loop
      vertex 0 -22.8937 23
      vertex -1.19817 -22.8624 5
      vertex 0 -22.8937 5
    endloop
  endfacet
  facet normal -0.566408 -0.824125 0
    outer loop
      vertex -13.4566 -18.5214 5
      vertex -12.4688 -19.2003 23
      vertex -13.4566 -18.5214 23
    endloop
  endfacet
  facet normal -0.566408 -0.824125 -0
    outer loop
      vertex -12.4688 -19.2003 23
      vertex -13.4566 -18.5214 5
      vertex -12.4688 -19.2003 5
    endloop
  endfacet
  facet normal -0.852611 -0.522546 0
    outer loop
      vertex -19.2003 -12.4688 5
      vertex -19.8266 -11.4469 23
      vertex -19.8266 -11.4469 5
    endloop
  endfacet
  facet normal -0.852611 -0.522546 0
    outer loop
      vertex -19.8266 -11.4469 23
      vertex -19.2003 -12.4688 5
      vertex -19.2003 -12.4688 23
    endloop
  endfacet
  facet normal -0.688385 -0.725345 0
    outer loop
      vertex -16.1883 -16.1883 5
      vertex -15.3189 -17.0134 23
      vertex -16.1883 -16.1883 23
    endloop
  endfacet
  facet normal -0.688385 -0.725345 -0
    outer loop
      vertex -15.3189 -17.0134 23
      vertex -16.1883 -16.1883 5
      vertex -15.3189 -17.0134 5
    endloop
  endfacet
  facet normal -0.958823 -0.284004 0
    outer loop
      vertex -21.7733 -7.07456 5
      vertex -22.1137 -5.92534 23
      vertex -22.1137 -5.92534 5
    endloop
  endfacet
  facet normal -0.958823 -0.284004 0
    outer loop
      vertex -22.1137 -5.92534 23
      vertex -21.7733 -7.07456 5
      vertex -21.7733 -7.07456 23
    endloop
  endfacet
  facet normal -0.923872 -0.382701 0
    outer loop
      vertex -20.9145 -9.31173 5
      vertex -21.3732 -8.20439 23
      vertex -21.3732 -8.20439 5
    endloop
  endfacet
  facet normal -0.923872 -0.382701 0
    outer loop
      vertex -21.3732 -8.20439 23
      vertex -20.9145 -9.31173 5
      vertex -20.9145 -9.31173 23
    endloop
  endfacet
  facet normal -0.94264 -0.333811 0
    outer loop
      vertex -21.3732 -8.20439 5
      vertex -21.7733 -7.07456 23
      vertex -21.7733 -7.07456 5
    endloop
  endfacet
  facet normal -0.94264 -0.333811 0
    outer loop
      vertex -21.7733 -7.07456 23
      vertex -21.3732 -8.20439 5
      vertex -21.3732 -8.20439 23
    endloop
  endfacet
  facet normal -0.996913 -0.0785096 0
    outer loop
      vertex -22.7683 -2.39305 5
      vertex -22.8624 -1.19817 23
      vertex -22.8624 -1.19817 5
    endloop
  endfacet
  facet normal -0.996913 -0.0785096 0
    outer loop
      vertex -22.8624 -1.19817 23
      vertex -22.7683 -2.39305 5
      vertex -22.7683 -2.39305 23
    endloop
  endfacet
  facet normal -0.999659 -0.0261143 0
    outer loop
      vertex -22.8624 -1.19817 5
      vertex -22.8937 0 23
      vertex -22.8937 0 5
    endloop
  endfacet
  facet normal -0.999659 -0.0261143 0
    outer loop
      vertex -22.8937 0 23
      vertex -22.8624 -1.19817 5
      vertex -22.8624 -1.19817 23
    endloop
  endfacet
  facet normal 0.233444 -0.97237 0
    outer loop
      vertex 4.75988 -22.3935 5
      vertex 5.92534 -22.1137 23
      vertex 4.75988 -22.3935 23
    endloop
  endfacet
  facet normal 0.233444 -0.97237 0
    outer loop
      vertex 5.92534 -22.1137 23
      vertex 4.75988 -22.3935 5
      vertex 5.92534 -22.1137 5
    endloop
  endfacet
  facet normal 0.130489 -0.99145 0
    outer loop
      vertex 2.39305 -22.7683 5
      vertex 3.58137 -22.6119 23
      vertex 2.39305 -22.7683 23
    endloop
  endfacet
  facet normal 0.130489 -0.99145 0
    outer loop
      vertex 3.58137 -22.6119 23
      vertex 2.39305 -22.7683 5
      vertex 3.58137 -22.6119 5
    endloop
  endfacet
  facet normal 0.608735 -0.793374 0
    outer loop
      vertex 13.4566 -18.5214 5
      vertex 14.4075 -17.7918 23
      vertex 13.4566 -18.5214 23
    endloop
  endfacet
  facet normal 0.608735 -0.793374 0
    outer loop
      vertex 14.4075 -17.7918 23
      vertex 13.4566 -18.5214 5
      vertex 14.4075 -17.7918 5
    endloop
  endfacet
  facet normal 0.566408 -0.824125 0
    outer loop
      vertex 12.4688 -19.2003 5
      vertex 13.4566 -18.5214 23
      vertex 12.4688 -19.2003 23
    endloop
  endfacet
  facet normal 0.566408 -0.824125 0
    outer loop
      vertex 13.4566 -18.5214 23
      vertex 12.4688 -19.2003 5
      vertex 13.4566 -18.5214 5
    endloop
  endfacet
  facet normal 0.477127 -0.878834 0
    outer loop
      vertex 10.3935 -20.3985 5
      vertex 11.4469 -19.8266 23
      vertex 10.3935 -20.3985 23
    endloop
  endfacet
  facet normal 0.477127 -0.878834 0
    outer loop
      vertex 11.4469 -19.8266 23
      vertex 10.3935 -20.3985 5
      vertex 11.4469 -19.8266 5
    endloop
  endfacet
  facet normal 0.430526 -0.902578 0
    outer loop
      vertex 9.31173 -20.9145 5
      vertex 10.3935 -20.3985 23
      vertex 9.31173 -20.9145 23
    endloop
  endfacet
  facet normal 0.430526 -0.902578 0
    outer loop
      vertex 10.3935 -20.3985 23
      vertex 9.31173 -20.9145 5
      vertex 10.3935 -20.3985 5
    endloop
  endfacet
  facet normal -0.0785096 -0.996913 0
    outer loop
      vertex -2.39305 -22.7683 5
      vertex -1.19817 -22.8624 23
      vertex -2.39305 -22.7683 23
    endloop
  endfacet
  facet normal -0.0785096 -0.996913 -0
    outer loop
      vertex -1.19817 -22.8624 23
      vertex -2.39305 -22.7683 5
      vertex -1.19817 -22.8624 5
    endloop
  endfacet
  facet normal -0.382701 -0.923872 0
    outer loop
      vertex -9.31173 -20.9145 5
      vertex -8.20439 -21.3732 23
      vertex -9.31173 -20.9145 23
    endloop
  endfacet
  facet normal -0.382701 -0.923872 -0
    outer loop
      vertex -8.20439 -21.3732 23
      vertex -9.31173 -20.9145 5
      vertex -8.20439 -21.3732 5
    endloop
  endfacet
  facet normal -0.477127 -0.878834 0
    outer loop
      vertex -11.4469 -19.8266 5
      vertex -10.3935 -20.3985 23
      vertex -11.4469 -19.8266 23
    endloop
  endfacet
  facet normal -0.477127 -0.878834 -0
    outer loop
      vertex -10.3935 -20.3985 23
      vertex -11.4469 -19.8266 5
      vertex -10.3935 -20.3985 5
    endloop
  endfacet
  facet normal -0.333811 -0.94264 0
    outer loop
      vertex -8.20439 -21.3732 5
      vertex -7.07456 -21.7733 23
      vertex -8.20439 -21.3732 23
    endloop
  endfacet
  facet normal -0.333811 -0.94264 -0
    outer loop
      vertex -7.07456 -21.7733 23
      vertex -8.20439 -21.3732 5
      vertex -7.07456 -21.7733 5
    endloop
  endfacet
  facet normal -0.233444 -0.97237 0
    outer loop
      vertex -5.92534 -22.1137 5
      vertex -4.75988 -22.3935 23
      vertex -5.92534 -22.1137 23
    endloop
  endfacet
  facet normal -0.233444 -0.97237 -0
    outer loop
      vertex -4.75988 -22.3935 23
      vertex -5.92534 -22.1137 5
      vertex -4.75988 -22.3935 5
    endloop
  endfacet
  facet normal -0.284004 -0.958823 0
    outer loop
      vertex -7.07456 -21.7733 5
      vertex -5.92534 -22.1137 23
      vertex -7.07456 -21.7733 23
    endloop
  endfacet
  facet normal -0.284004 -0.958823 -0
    outer loop
      vertex -5.92534 -22.1137 23
      vertex -7.07456 -21.7733 5
      vertex -5.92534 -22.1137 5
    endloop
  endfacet
  facet normal -0.76041 -0.649444 0
    outer loop
      vertex -17.0134 -15.3189 5
      vertex -17.7918 -14.4075 23
      vertex -17.7918 -14.4075 5
    endloop
  endfacet
  facet normal -0.76041 -0.649444 0
    outer loop
      vertex -17.7918 -14.4075 23
      vertex -17.0134 -15.3189 5
      vertex -17.0134 -15.3189 23
    endloop
  endfacet
  facet normal -0.725345 -0.688385 0
    outer loop
      vertex -16.1883 -16.1883 5
      vertex -17.0134 -15.3189 23
      vertex -17.0134 -15.3189 5
    endloop
  endfacet
  facet normal -0.725345 -0.688385 0
    outer loop
      vertex -17.0134 -15.3189 23
      vertex -16.1883 -16.1883 5
      vertex -16.1883 -16.1883 23
    endloop
  endfacet
  facet normal 0.284004 -0.958823 0
    outer loop
      vertex 5.92534 -22.1137 5
      vertex 7.07456 -21.7733 23
      vertex 5.92534 -22.1137 23
    endloop
  endfacet
  facet normal 0.284004 -0.958823 0
    outer loop
      vertex 7.07456 -21.7733 23
      vertex 5.92534 -22.1137 5
      vertex 7.07456 -21.7733 5
    endloop
  endfacet
  facet normal 0.824125 -0.566408 0
    outer loop
      vertex 18.5214 -13.4566 23
      vertex 19.2003 -12.4688 5
      vertex 19.2003 -12.4688 23
    endloop
  endfacet
  facet normal 0.824125 -0.566408 0
    outer loop
      vertex 19.2003 -12.4688 5
      vertex 18.5214 -13.4566 23
      vertex 18.5214 -13.4566 5
    endloop
  endfacet
  facet normal -0.522546 -0.852611 0
    outer loop
      vertex -12.4688 -19.2003 5
      vertex -11.4469 -19.8266 23
      vertex -12.4688 -19.2003 23
    endloop
  endfacet
  facet normal -0.522546 -0.852611 -0
    outer loop
      vertex -11.4469 -19.8266 23
      vertex -12.4688 -19.2003 5
      vertex -11.4469 -19.8266 5
    endloop
  endfacet
  facet normal -0.608735 -0.793374 0
    outer loop
      vertex -14.4075 -17.7918 5
      vertex -13.4566 -18.5214 23
      vertex -14.4075 -17.7918 23
    endloop
  endfacet
  facet normal -0.608735 -0.793374 -0
    outer loop
      vertex -13.4566 -18.5214 23
      vertex -14.4075 -17.7918 5
      vertex -13.4566 -18.5214 5
    endloop
  endfacet
  facet normal -0.649444 -0.76041 0
    outer loop
      vertex -15.3189 -17.0134 5
      vertex -14.4075 -17.7918 23
      vertex -15.3189 -17.0134 23
    endloop
  endfacet
  facet normal -0.649444 -0.76041 -0
    outer loop
      vertex -14.4075 -17.7918 23
      vertex -15.3189 -17.0134 5
      vertex -14.4075 -17.7918 5
    endloop
  endfacet
  facet normal -0.182216 -0.983258 0
    outer loop
      vertex -4.75988 -22.3935 5
      vertex -3.58137 -22.6119 23
      vertex -4.75988 -22.3935 23
    endloop
  endfacet
  facet normal -0.182216 -0.983258 -0
    outer loop
      vertex -3.58137 -22.6119 23
      vertex -4.75988 -22.3935 5
      vertex -3.58137 -22.6119 5
    endloop
  endfacet
  facet normal -0.878834 -0.477127 0
    outer loop
      vertex -19.8266 -11.4469 5
      vertex -20.3985 -10.3935 23
      vertex -20.3985 -10.3935 5
    endloop
  endfacet
  facet normal -0.878834 -0.477127 0
    outer loop
      vertex -20.3985 -10.3935 23
      vertex -19.8266 -11.4469 5
      vertex -19.8266 -11.4469 23
    endloop
  endfacet
  facet normal 0.706986 0.0184687 0.706986
    outer loop
      vertex 22.8624 1.19817 23
      vertex 20.8937 0 25
      vertex 22.8937 0 23
    endloop
  endfacet
  facet normal 0.705038 0.0555236 0.706992
    outer loop
      vertex 22.7683 2.39305 23
      vertex 20.8651 1.09349 25
      vertex 22.8624 1.19817 23
    endloop
  endfacet
  facet normal 0.459327 0.537756 0.706992
    outer loop
      vertex 15.3189 17.0134 23
      vertex 13.1489 16.2375 25
      vertex 13.9806 15.5271 25
    endloop
  endfacet
  facet normal -0.603001 0.369566 0.706973
    outer loop
      vertex -19.2003 12.4688 23
      vertex -19.8266 11.4469 23
      vertex -17.523 11.3796 25
    endloop
  endfacet
  facet normal -0.706986 0.0184687 0.706986
    outer loop
      vertex -22.8624 1.19817 23
      vertex -22.8937 0 23
      vertex -20.8937 0 25
    endloop
  endfacet
  facet normal 0.666657 -0.236048 0.707001
    outer loop
      vertex 19.8711 -6.45652 25
      vertex 19.506 -7.48765 25
      vertex 21.7733 -7.07456 23
    endloop
  endfacet
  facet normal -0.513002 0.486818 0.706992
    outer loop
      vertex -14.7741 14.7741 25
      vertex -17.0134 15.3189 23
      vertex -15.5271 13.9806 25
    endloop
  endfacet
  facet normal -0.653382 0.270654 0.706992
    outer loop
      vertex -20.9145 9.31173 23
      vertex -21.3732 8.20439 23
      vertex -19.506 7.48765 25
    endloop
  endfacet
  facet normal -0.486847 -0.512987 0.706983
    outer loop
      vertex -14.7741 -14.7741 25
      vertex -16.1883 -16.1883 23
      vertex -15.3189 -17.0134 23
    endloop
  endfacet
  facet normal 0.236079 0.666655 0.706992
    outer loop
      vertex 8.20439 21.3732 23
      vertex 7.07456 21.7733 23
      vertex 7.48765 19.506 25
    endloop
  endfacet
  facet normal -0.270641 0.653393 0.706988
    outer loop
      vertex -7.48765 19.506 25
      vertex -9.31173 20.9145 23
      vertex -8.49825 19.0874 25
    endloop
  endfacet
  facet normal 0.695387 0.128868 0.706986
    outer loop
      vertex 22.3935 4.75988 23
      vertex 20.4372 4.34405 25
      vertex 22.6119 3.58137 23
    endloop
  endfacet
  facet normal 0.270654 -0.653382 0.706992
    outer loop
      vertex 9.31173 -20.9145 23
      vertex 7.48765 -19.506 25
      vertex 8.20439 -21.3732 23
    endloop
  endfacet
  facet normal 0.653382 -0.270654 0.706992
    outer loop
      vertex 21.3732 -8.20439 23
      vertex 19.506 -7.48765 25
      vertex 20.9145 -9.31173 23
    endloop
  endfacet
  facet normal 0.701188 -0.0922864 0.706978
    outer loop
      vertex 22.7683 -2.39305 23
      vertex 20.7793 -2.18399 25
      vertex 22.6119 -3.58137 23
    endloop
  endfacet
  facet normal -0.486847 0.512987 0.706983
    outer loop
      vertex -15.3189 17.0134 23
      vertex -16.1883 16.1883 23
      vertex -14.7741 14.7741 25
    endloop
  endfacet
  facet normal -0.0184909 0.706979 0.706993
    outer loop
      vertex 0 20.8937 25
      vertex -1.19817 22.8624 23
      vertex -1.09349 20.8651 25
    endloop
  endfacet
  facet normal 0.128868 0.695387 0.706986
    outer loop
      vertex 4.75988 22.3935 23
      vertex 3.58137 22.6119 23
      vertex 4.34405 20.4372 25
    endloop
  endfacet
  facet normal 0.270654 0.653382 0.706992
    outer loop
      vertex 8.20439 21.3732 23
      vertex 7.48765 19.506 25
      vertex 9.31173 20.9145 23
    endloop
  endfacet
  facet normal -0.165096 0.687679 0.706994
    outer loop
      vertex -4.75988 22.3935 23
      vertex -5.92534 22.1137 23
      vertex -5.4077 20.1818 25
    endloop
  endfacet
  facet normal -0.128868 0.695387 0.706986
    outer loop
      vertex -3.58137 22.6119 23
      vertex -4.75988 22.3935 23
      vertex -4.34405 20.4372 25
    endloop
  endfacet
  facet normal -0.369566 0.603001 0.706973
    outer loop
      vertex -11.4469 19.8266 23
      vertex -12.4688 19.2003 23
      vertex -11.3796 17.523 25
    endloop
  endfacet
  facet normal 0.638337 0.304457 0.706988
    outer loop
      vertex 20.9145 9.31173 23
      vertex 18.6165 9.48556 25
      vertex 19.0874 8.49825 25
    endloop
  endfacet
  facet normal 0.561097 0.430515 0.706984
    outer loop
      vertex 17.7918 14.4075 23
      vertex 16.9034 12.281 25
      vertex 18.5214 13.4566 23
    endloop
  endfacet
  facet normal 0.369494 0.603021 0.706993
    outer loop
      vertex 11.4469 19.8266 23
      vertex 10.4469 18.0945 25
      vertex 11.3796 17.523 25
    endloop
  endfacet
  facet normal 0.678098 0.200853 0.706994
    outer loop
      vertex 21.7733 7.07456 23
      vertex 20.1818 5.4077 25
      vertex 22.1137 5.92534 23
    endloop
  endfacet
  facet normal 0.701188 0.0922864 0.706978
    outer loop
      vertex 22.6119 3.58137 23
      vertex 20.7793 2.18399 25
      vertex 22.7683 2.39305 23
    endloop
  endfacet
  facet normal 0.701171 0.0923249 0.70699
    outer loop
      vertex 22.6119 3.58137 23
      vertex 20.6365 3.2685 25
      vertex 20.7793 2.18399 25
    endloop
  endfacet
  facet normal 0.200853 -0.678098 0.706994
    outer loop
      vertex 7.07456 -21.7733 23
      vertex 5.4077 -20.1818 25
      vertex 5.92534 -22.1137 23
    endloop
  endfacet
  facet normal 0.0554735 -0.705057 0.706978
    outer loop
      vertex 2.18399 -20.7793 25
      vertex 1.09349 -20.8651 25
      vertex 2.39305 -22.7683 23
    endloop
  endfacet
  facet normal 0.200874 -0.678085 0.707001
    outer loop
      vertex 6.45652 -19.8711 25
      vertex 5.4077 -20.1818 25
      vertex 7.07456 -21.7733 23
    endloop
  endfacet
  facet normal 0.304457 -0.638337 0.706988
    outer loop
      vertex 9.48556 -18.6165 25
      vertex 8.49825 -19.0874 25
      vertex 9.31173 -20.9145 23
    endloop
  endfacet
  facet normal 0.695387 -0.128868 0.706986
    outer loop
      vertex 22.6119 -3.58137 23
      vertex 20.4372 -4.34405 25
      vertex 22.3935 -4.75988 23
    endloop
  endfacet
  facet normal 0.706986 -0.0184687 0.706986
    outer loop
      vertex 22.8937 0 23
      vertex 20.8937 0 25
      vertex 22.8624 -1.19817 23
    endloop
  endfacet
  facet normal -0.512987 0.486847 0.706983
    outer loop
      vertex -16.1883 16.1883 23
      vertex -17.0134 15.3189 23
      vertex -14.7741 14.7741 25
    endloop
  endfacet
  facet normal -0.666657 -0.236048 0.707001
    outer loop
      vertex -19.8711 -6.45652 25
      vertex -21.7733 -7.07456 23
      vertex -19.506 -7.48765 25
    endloop
  endfacet
  facet normal -0.705038 -0.0555236 0.706992
    outer loop
      vertex -20.8651 -1.09349 25
      vertex -22.8624 -1.19817 23
      vertex -22.7683 -2.39305 23
    endloop
  endfacet
  facet normal -0.695387 0.128868 0.706986
    outer loop
      vertex -22.3935 4.75988 23
      vertex -22.6119 3.58137 23
      vertex -20.4372 4.34405 25
    endloop
  endfacet
  facet normal -0.706979 0.0184909 0.706993
    outer loop
      vertex -20.8651 1.09349 25
      vertex -22.8624 1.19817 23
      vertex -20.8937 0 25
    endloop
  endfacet
  facet normal -0.695386 0.128855 0.70699
    outer loop
      vertex -20.4372 4.34405 25
      vertex -22.6119 3.58137 23
      vertex -20.6365 3.2685 25
    endloop
  endfacet
  facet normal -0.561097 0.430515 0.706984
    outer loop
      vertex -17.7918 14.4075 23
      vertex -18.5214 13.4566 23
      vertex -16.9034 12.281 25
    endloop
  endfacet
  facet normal -0.582831 0.400624 0.706971
    outer loop
      vertex -16.9034 12.281 25
      vertex -19.2003 12.4688 23
      vertex -17.523 11.3796 25
    endloop
  endfacet
  facet normal -0.621508 0.337474 0.706994
    outer loop
      vertex -18.0945 10.4469 25
      vertex -19.8266 11.4469 23
      vertex -18.6165 9.48556 25
    endloop
  endfacet
  facet normal -0.270654 -0.653382 0.706992
    outer loop
      vertex -7.48765 -19.506 25
      vertex -9.31173 -20.9145 23
      vertex -8.20439 -21.3732 23
    endloop
  endfacet
  facet normal -0.486818 -0.513002 0.706992
    outer loop
      vertex -14.7741 -14.7741 25
      vertex -15.3189 -17.0134 23
      vertex -13.9806 -15.5271 25
    endloop
  endfacet
  facet normal -0.459307 -0.537786 0.706982
    outer loop
      vertex -13.1489 -16.2375 25
      vertex -15.3189 -17.0134 23
      vertex -14.4075 -17.7918 23
    endloop
  endfacet
  facet normal -0.0555236 0.705038 0.706992
    outer loop
      vertex -1.19817 22.8624 23
      vertex -2.39305 22.7683 23
      vertex -1.09349 20.8651 25
    endloop
  endfacet
  facet normal 0.0923249 0.701171 0.70699
    outer loop
      vertex 3.58137 22.6119 23
      vertex 2.18399 20.7793 25
      vertex 3.2685 20.6365 25
    endloop
  endfacet
  facet normal 0.236048 0.666657 0.707001
    outer loop
      vertex 7.07456 21.7733 23
      vertex 6.45652 19.8711 25
      vertex 7.48765 19.506 25
    endloop
  endfacet
  facet normal 0.200853 0.678098 0.706994
    outer loop
      vertex 5.92534 22.1137 23
      vertex 5.4077 20.1818 25
      vertex 7.07456 21.7733 23
    endloop
  endfacet
  facet normal -0.236079 0.666655 0.706992
    outer loop
      vertex -7.07456 21.7733 23
      vertex -8.20439 21.3732 23
      vertex -7.48765 19.506 25
    endloop
  endfacet
  facet normal -0.165123 0.687681 0.706986
    outer loop
      vertex -4.75988 22.3935 23
      vertex -5.4077 20.1818 25
      vertex -4.34405 20.4372 25
    endloop
  endfacet
  facet normal -0.33744 0.621541 0.70698
    outer loop
      vertex -10.3935 20.3985 23
      vertex -11.4469 19.8266 23
      vertex -9.48556 18.6165 25
    endloop
  endfacet
  facet normal -0.304482 0.638333 0.706981
    outer loop
      vertex -9.31173 20.9145 23
      vertex -10.3935 20.3985 23
      vertex -9.48556 18.6165 25
    endloop
  endfacet
  facet normal -0.459307 0.537786 0.706982
    outer loop
      vertex -14.4075 17.7918 23
      vertex -15.3189 17.0134 23
      vertex -13.1489 16.2375 25
    endloop
  endfacet
  facet normal -0.430515 0.561097 0.706984
    outer loop
      vertex -13.4566 18.5214 23
      vertex -14.4075 17.7918 23
      vertex -12.281 16.9034 25
    endloop
  endfacet
  facet normal -0.459327 0.537756 0.706992
    outer loop
      vertex -13.1489 16.2375 25
      vertex -15.3189 17.0134 23
      vertex -13.9806 15.5271 25
    endloop
  endfacet
  facet normal -0.486818 0.513002 0.706992
    outer loop
      vertex -13.9806 15.5271 25
      vertex -15.3189 17.0134 23
      vertex -14.7741 14.7741 25
    endloop
  endfacet
  facet normal 0.666657 0.236048 0.707001
    outer loop
      vertex 21.7733 7.07456 23
      vertex 19.506 7.48765 25
      vertex 19.8711 6.45652 25
    endloop
  endfacet
  facet normal 0.603001 0.369566 0.706973
    outer loop
      vertex 19.2003 12.4688 23
      vertex 17.523 11.3796 25
      vertex 19.8266 11.4469 23
    endloop
  endfacet
  facet normal 0.666655 0.236079 0.706992
    outer loop
      vertex 21.3732 8.20439 23
      vertex 19.506 7.48765 25
      vertex 21.7733 7.07456 23
    endloop
  endfacet
  facet normal 0.653382 0.270654 0.706992
    outer loop
      vertex 20.9145 9.31173 23
      vertex 19.506 7.48765 25
      vertex 21.3732 8.20439 23
    endloop
  endfacet
  facet normal 0.486847 0.512987 0.706983
    outer loop
      vertex 15.3189 17.0134 23
      vertex 14.7741 14.7741 25
      vertex 16.1883 16.1883 23
    endloop
  endfacet
  facet normal 0.561104 0.43051 0.706982
    outer loop
      vertex 17.7918 14.4075 23
      vertex 16.2375 13.1489 25
      vertex 16.9034 12.281 25
    endloop
  endfacet
  facet normal 0.400581 0.582846 0.706984
    outer loop
      vertex 12.4688 19.2003 23
      vertex 12.281 16.9034 25
      vertex 13.4566 18.5214 23
    endloop
  endfacet
  facet normal 0.459307 0.537786 0.706982
    outer loop
      vertex 14.4075 17.7918 23
      vertex 13.1489 16.2375 25
      vertex 15.3189 17.0134 23
    endloop
  endfacet
  facet normal 0.430515 0.561097 0.706984
    outer loop
      vertex 13.4566 18.5214 23
      vertex 12.281 16.9034 25
      vertex 14.4075 17.7918 23
    endloop
  endfacet
  facet normal 0.400624 0.582831 0.706971
    outer loop
      vertex 12.4688 19.2003 23
      vertex 11.3796 17.523 25
      vertex 12.281 16.9034 25
    endloop
  endfacet
  facet normal 0.304482 0.638333 0.706981
    outer loop
      vertex 10.3935 20.3985 23
      vertex 9.31173 20.9145 23
      vertex 9.48556 18.6165 25
    endloop
  endfacet
  facet normal 0.304457 0.638337 0.706988
    outer loop
      vertex 9.31173 20.9145 23
      vertex 8.49825 19.0874 25
      vertex 9.48556 18.6165 25
    endloop
  endfacet
  facet normal 0.270641 0.653393 0.706988
    outer loop
      vertex 9.31173 20.9145 23
      vertex 7.48765 19.506 25
      vertex 8.49825 19.0874 25
    endloop
  endfacet
  facet normal 0.678085 0.200874 0.707001
    outer loop
      vertex 21.7733 7.07456 23
      vertex 19.8711 6.45652 25
      vertex 20.1818 5.4077 25
    endloop
  endfacet
  facet normal 0.705057 0.0554735 0.706978
    outer loop
      vertex 22.7683 2.39305 23
      vertex 20.7793 2.18399 25
      vertex 20.8651 1.09349 25
    endloop
  endfacet
  facet normal 0.236079 -0.666655 0.706992
    outer loop
      vertex 7.48765 -19.506 25
      vertex 7.07456 -21.7733 23
      vertex 8.20439 -21.3732 23
    endloop
  endfacet
  facet normal 0.270641 -0.653393 0.706988
    outer loop
      vertex 8.49825 -19.0874 25
      vertex 7.48765 -19.506 25
      vertex 9.31173 -20.9145 23
    endloop
  endfacet
  facet normal 0.430515 -0.561097 0.706984
    outer loop
      vertex 14.4075 -17.7918 23
      vertex 12.281 -16.9034 25
      vertex 13.4566 -18.5214 23
    endloop
  endfacet
  facet normal 0.400624 -0.582831 0.706971
    outer loop
      vertex 12.281 -16.9034 25
      vertex 11.3796 -17.523 25
      vertex 12.4688 -19.2003 23
    endloop
  endfacet
  facet normal 0.33744 -0.621541 0.70698
    outer loop
      vertex 11.4469 -19.8266 23
      vertex 9.48556 -18.6165 25
      vertex 10.3935 -20.3985 23
    endloop
  endfacet
  facet normal 0.304482 -0.638333 0.706981
    outer loop
      vertex 9.48556 -18.6165 25
      vertex 9.31173 -20.9145 23
      vertex 10.3935 -20.3985 23
    endloop
  endfacet
  facet normal 0.486847 -0.512987 0.706983
    outer loop
      vertex 16.1883 -16.1883 23
      vertex 14.7741 -14.7741 25
      vertex 15.3189 -17.0134 23
    endloop
  endfacet
  facet normal 0.582846 -0.400581 0.706984
    outer loop
      vertex 19.2003 -12.4688 23
      vertex 16.9034 -12.281 25
      vertex 18.5214 -13.4566 23
    endloop
  endfacet
  facet normal 0.678098 -0.200853 0.706994
    outer loop
      vertex 22.1137 -5.92534 23
      vertex 20.1818 -5.4077 25
      vertex 21.7733 -7.07456 23
    endloop
  endfacet
  facet normal 0.687679 -0.165096 0.706994
    outer loop
      vertex 22.3935 -4.75988 23
      vertex 20.1818 -5.4077 25
      vertex 22.1137 -5.92534 23
    endloop
  endfacet
  facet normal -0.582831 -0.400624 0.706971
    outer loop
      vertex -17.523 -11.3796 25
      vertex -19.2003 -12.4688 23
      vertex -16.9034 -12.281 25
    endloop
  endfacet
  facet normal -0.678098 -0.200853 0.706994
    outer loop
      vertex -20.1818 -5.4077 25
      vertex -22.1137 -5.92534 23
      vertex -21.7733 -7.07456 23
    endloop
  endfacet
  facet normal -0.701188 -0.0922864 0.706978
    outer loop
      vertex -20.7793 -2.18399 25
      vertex -22.7683 -2.39305 23
      vertex -22.6119 -3.58137 23
    endloop
  endfacet
  facet normal -0.701171 0.0923249 0.70699
    outer loop
      vertex -20.6365 3.2685 25
      vertex -22.6119 3.58137 23
      vertex -20.7793 2.18399 25
    endloop
  endfacet
  facet normal -0.701188 0.0922864 0.706978
    outer loop
      vertex -22.6119 3.58137 23
      vertex -22.7683 2.39305 23
      vertex -20.7793 2.18399 25
    endloop
  endfacet
  facet normal 0 0 1
    outer loop
      vertex 19.3937 0 25
      vertex 20.8937 0 25
      vertex 20.8651 1.09349 25
    endloop
  endfacet
  facet normal 0 0 1
    outer loop
      vertex 19.3672 1.01499 25
      vertex 20.8651 1.09349 25
      vertex 20.7793 2.18399 25
    endloop
  endfacet
  facet normal 0 0 1
    outer loop
      vertex 20.8937 0 25
      vertex 19.3937 0 25
      vertex 20.8651 -1.09349 25
    endloop
  endfacet
  facet normal 0 0 1
    outer loop
      vertex 19.2875 2.0272 25
      vertex 20.7793 2.18399 25
      vertex 20.6365 3.2685 25
    endloop
  endfacet
  facet normal -0 0 1
    outer loop
      vertex 19.3672 -1.01499 25
      vertex 20.8651 -1.09349 25
      vertex 19.3937 0 25
    endloop
  endfacet
  facet normal 0 0 1
    outer loop
      vertex 19.155 3.03385 25
      vertex 20.6365 3.2685 25
      vertex 20.4372 4.34405 25
    endloop
  endfacet
  facet normal 0 0 1
    outer loop
      vertex 20.8651 -1.09349 25
      vertex 19.3672 -1.01499 25
      vertex 20.7793 -2.18399 25
    endloop
  endfacet
  facet normal 0 0 1
    outer loop
      vertex 18.9699 4.03219 25
      vertex 20.4372 4.34405 25
      vertex 20.1818 5.4077 25
    endloop
  endfacet
  facet normal -0 0 1
    outer loop
      vertex 19.2875 -2.0272 25
      vertex 20.7793 -2.18399 25
      vertex 19.3672 -1.01499 25
    endloop
  endfacet
  facet normal 0 0 1
    outer loop
      vertex 18.7329 5.01947 25
      vertex 20.1818 5.4077 25
      vertex 19.8711 6.45652 25
    endloop
  endfacet
  facet normal 0 0 1
    outer loop
      vertex 20.7793 -2.18399 25
      vertex 19.2875 -2.0272 25
      vertex 20.6365 -3.2685 25
    endloop
  endfacet
  facet normal 0 0 1
    outer loop
      vertex 18.4446 5.993 25
      vertex 19.8711 6.45652 25
      vertex 19.506 7.48765 25
    endloop
  endfacet
  facet normal -0 0 1
    outer loop
      vertex 19.155 -3.03385 25
      vertex 20.6365 -3.2685 25
      vertex 19.2875 -2.0272 25
    endloop
  endfacet
  facet normal 0 0 1
    outer loop
      vertex 20.6365 -3.2685 25
      vertex 19.155 -3.03385 25
      vertex 20.4372 -4.34405 25
    endloop
  endfacet
  facet normal 0 0 1
    outer loop
      vertex 20.8651 1.09349 25
      vertex 19.3672 1.01499 25
      vertex 19.3937 0 25
    endloop
  endfacet
  facet normal 0 0 1
    outer loop
      vertex 20.7793 2.18399 25
      vertex 19.2875 2.0272 25
      vertex 19.3672 1.01499 25
    endloop
  endfacet
  facet normal 0 0 1
    outer loop
      vertex 20.6365 3.2685 25
      vertex 19.155 3.03385 25
      vertex 19.2875 2.0272 25
    endloop
  endfacet
  facet normal 0 0 1
    outer loop
      vertex 18.1056 6.9501 25
      vertex 19.506 7.48765 25
      vertex 19.0874 8.49825 25
    endloop
  endfacet
  facet normal 0 0 1
    outer loop
      vertex 20.4372 4.34405 25
      vertex 18.9699 4.03219 25
      vertex 19.155 3.03385 25
    endloop
  endfacet
  facet normal 0 0 1
    outer loop
      vertex 20.1818 5.4077 25
      vertex 18.7329 5.01947 25
      vertex 18.9699 4.03219 25
    endloop
  endfacet
  facet normal 0 0 1
    outer loop
      vertex 17.7171 7.88815 25
      vertex 19.0874 8.49825 25
      vertex 18.6165 9.48556 25
    endloop
  endfacet
  facet normal 0 0 1
    outer loop
      vertex 19.8711 6.45652 25
      vertex 18.4446 5.993 25
      vertex 18.7329 5.01947 25
    endloop
  endfacet
  facet normal 0 0 1
    outer loop
      vertex 19.506 7.48765 25
      vertex 18.1056 6.9501 25
      vertex 18.4446 5.993 25
    endloop
  endfacet
  facet normal 0 0 1
    outer loop
      vertex 17.28 8.80458 25
      vertex 18.6165 9.48556 25
      vertex 18.0945 10.4469 25
    endloop
  endfacet
  facet normal 0 0 1
    outer loop
      vertex 19.0874 8.49825 25
      vertex 17.7171 7.88815 25
      vertex 18.1056 6.9501 25
    endloop
  endfacet
  facet normal 0 0 1
    outer loop
      vertex 16.7955 9.69687 25
      vertex 18.0945 10.4469 25
      vertex 17.523 11.3796 25
    endloop
  endfacet
  facet normal 0 0 1
    outer loop
      vertex 18.6165 9.48556 25
      vertex 17.28 8.80458 25
      vertex 17.7171 7.88815 25
    endloop
  endfacet
  facet normal 0 0 1
    outer loop
      vertex 16.265 10.5626 25
      vertex 17.523 11.3796 25
      vertex 16.9034 12.281 25
    endloop
  endfacet
  facet normal 0 0 1
    outer loop
      vertex 18.0945 10.4469 25
      vertex 16.7955 9.69687 25
      vertex 17.28 8.80458 25
    endloop
  endfacet
  facet normal 0 0 1
    outer loop
      vertex 17.523 11.3796 25
      vertex 16.265 10.5626 25
      vertex 16.7955 9.69687 25
    endloop
  endfacet
  facet normal 0 0 1
    outer loop
      vertex 15.6899 11.3994 25
      vertex 16.9034 12.281 25
      vertex 16.2375 13.1489 25
    endloop
  endfacet
  facet normal 0 0 1
    outer loop
      vertex 16.9034 12.281 25
      vertex 15.6899 11.3994 25
      vertex 16.265 10.5626 25
    endloop
  endfacet
  facet normal 0 0 1
    outer loop
      vertex 15.0718 12.2049 25
      vertex 16.2375 13.1489 25
      vertex 15.5271 13.9806 25
    endloop
  endfacet
  facet normal 0 0 1
    outer loop
      vertex 16.2375 13.1489 25
      vertex 15.0718 12.2049 25
      vertex 15.6899 11.3994 25
    endloop
  endfacet
  facet normal 0 0 1
    outer loop
      vertex 14.4124 12.977 25
      vertex 15.5271 13.9806 25
      vertex 14.7741 14.7741 25
    endloop
  endfacet
  facet normal 0 0 1
    outer loop
      vertex 15.5271 13.9806 25
      vertex 14.4124 12.977 25
      vertex 15.0718 12.2049 25
    endloop
  endfacet
  facet normal 0 0 1
    outer loop
      vertex 13.7135 13.7135 25
      vertex 14.7741 14.7741 25
      vertex 13.9806 15.5271 25
    endloop
  endfacet
  facet normal 0 0 1
    outer loop
      vertex 14.7741 14.7741 25
      vertex 13.7135 13.7135 25
      vertex 14.4124 12.977 25
    endloop
  endfacet
  facet normal 0 0 1
    outer loop
      vertex 12.977 14.4124 25
      vertex 13.9806 15.5271 25
      vertex 13.1489 16.2375 25
    endloop
  endfacet
  facet normal 0 0 1
    outer loop
      vertex 13.9806 15.5271 25
      vertex 12.977 14.4124 25
      vertex 13.7135 13.7135 25
    endloop
  endfacet
  facet normal 0 0 1
    outer loop
      vertex 12.2049 15.0718 25
      vertex 13.1489 16.2375 25
      vertex 12.281 16.9034 25
    endloop
  endfacet
  facet normal 0 0 1
    outer loop
      vertex 13.1489 16.2375 25
      vertex 12.2049 15.0718 25
      vertex 12.977 14.4124 25
    endloop
  endfacet
  facet normal 0 0 1
    outer loop
      vertex 12.281 16.9034 25
      vertex 11.3994 15.6899 25
      vertex 12.2049 15.0718 25
    endloop
  endfacet
  facet normal 0 0 1
    outer loop
      vertex 11.3796 17.523 25
      vertex 11.3994 15.6899 25
      vertex 12.281 16.9034 25
    endloop
  endfacet
  facet normal 0 0 1
    outer loop
      vertex 11.3796 17.523 25
      vertex 10.5626 16.265 25
      vertex 11.3994 15.6899 25
    endloop
  endfacet
  facet normal 0 0 1
    outer loop
      vertex 10.4469 18.0945 25
      vertex 10.5626 16.265 25
      vertex 11.3796 17.523 25
    endloop
  endfacet
  facet normal 0 0 1
    outer loop
      vertex 10.4469 18.0945 25
      vertex 9.69687 16.7955 25
      vertex 10.5626 16.265 25
    endloop
  endfacet
  facet normal 0 0 1
    outer loop
      vertex 9.48556 18.6165 25
      vertex 9.69687 16.7955 25
      vertex 10.4469 18.0945 25
    endloop
  endfacet
  facet normal 0 0 1
    outer loop
      vertex 9.48556 18.6165 25
      vertex 8.80458 17.28 25
      vertex 9.69687 16.7955 25
    endloop
  endfacet
  facet normal 0 0 1
    outer loop
      vertex 8.49825 19.0874 25
      vertex 8.80458 17.28 25
      vertex 9.48556 18.6165 25
    endloop
  endfacet
  facet normal 0 0 1
    outer loop
      vertex 8.49825 19.0874 25
      vertex 7.88815 17.7171 25
      vertex 8.80458 17.28 25
    endloop
  endfacet
  facet normal 0 0 1
    outer loop
      vertex 7.48765 19.506 25
      vertex 7.88815 17.7171 25
      vertex 8.49825 19.0874 25
    endloop
  endfacet
  facet normal 0 0 1
    outer loop
      vertex 7.48765 19.506 25
      vertex 6.9501 18.1056 25
      vertex 7.88815 17.7171 25
    endloop
  endfacet
  facet normal 0 0 1
    outer loop
      vertex 6.45652 19.8711 25
      vertex 6.9501 18.1056 25
      vertex 7.48765 19.506 25
    endloop
  endfacet
  facet normal 0 0 1
    outer loop
      vertex 6.45652 19.8711 25
      vertex 5.993 18.4446 25
      vertex 6.9501 18.1056 25
    endloop
  endfacet
  facet normal 0 0 1
    outer loop
      vertex 5.4077 20.1818 25
      vertex 5.993 18.4446 25
      vertex 6.45652 19.8711 25
    endloop
  endfacet
  facet normal 0 0 1
    outer loop
      vertex 5.4077 20.1818 25
      vertex 5.01947 18.7329 25
      vertex 5.993 18.4446 25
    endloop
  endfacet
  facet normal 0 0 1
    outer loop
      vertex 4.34405 20.4372 25
      vertex 5.01947 18.7329 25
      vertex 5.4077 20.1818 25
    endloop
  endfacet
  facet normal 0 0 1
    outer loop
      vertex 4.34405 20.4372 25
      vertex 4.03219 18.9699 25
      vertex 5.01947 18.7329 25
    endloop
  endfacet
  facet normal 0 0 1
    outer loop
      vertex 3.2685 20.6365 25
      vertex 4.03219 18.9699 25
      vertex 4.34405 20.4372 25
    endloop
  endfacet
  facet normal 0 0 1
    outer loop
      vertex 3.2685 20.6365 25
      vertex 3.03385 19.155 25
      vertex 4.03219 18.9699 25
    endloop
  endfacet
  facet normal 0 0 1
    outer loop
      vertex 2.18399 20.7793 25
      vertex 3.03385 19.155 25
      vertex 3.2685 20.6365 25
    endloop
  endfacet
  facet normal 0 0 1
    outer loop
      vertex 2.18399 20.7793 25
      vertex 2.0272 19.2875 25
      vertex 3.03385 19.155 25
    endloop
  endfacet
  facet normal 0 0 1
    outer loop
      vertex 1.09349 20.8651 25
      vertex 2.0272 19.2875 25
      vertex 2.18399 20.7793 25
    endloop
  endfacet
  facet normal 0 0 1
    outer loop
      vertex 1.09349 20.8651 25
      vertex 1.01499 19.3672 25
      vertex 2.0272 19.2875 25
    endloop
  endfacet
  facet normal 0 0 1
    outer loop
      vertex 0 20.8937 25
      vertex 1.01499 19.3672 25
      vertex 1.09349 20.8651 25
    endloop
  endfacet
  facet normal 0 0 1
    outer loop
      vertex 0 20.8937 25
      vertex 0 19.3937 25
      vertex 1.01499 19.3672 25
    endloop
  endfacet
  facet normal 0 0 1
    outer loop
      vertex 0 20.8937 25
      vertex -1.01499 19.3672 25
      vertex 0 19.3937 25
    endloop
  endfacet
  facet normal -0 0 1
    outer loop
      vertex -1.09349 20.8651 25
      vertex -1.01499 19.3672 25
      vertex 0 20.8937 25
    endloop
  endfacet
  facet normal 0 0 1
    outer loop
      vertex -1.09349 20.8651 25
      vertex -2.0272 19.2875 25
      vertex -1.01499 19.3672 25
    endloop
  endfacet
  facet normal -0 0 1
    outer loop
      vertex -2.18399 20.7793 25
      vertex -2.0272 19.2875 25
      vertex -1.09349 20.8651 25
    endloop
  endfacet
  facet normal 0 0 1
    outer loop
      vertex -2.18399 20.7793 25
      vertex -3.03385 19.155 25
      vertex -2.0272 19.2875 25
    endloop
  endfacet
  facet normal -0 0 1
    outer loop
      vertex -3.2685 20.6365 25
      vertex -3.03385 19.155 25
      vertex -2.18399 20.7793 25
    endloop
  endfacet
  facet normal 0 0 1
    outer loop
      vertex -3.2685 20.6365 25
      vertex -4.03219 18.9699 25
      vertex -3.03385 19.155 25
    endloop
  endfacet
  facet normal -0 0 1
    outer loop
      vertex -4.34405 20.4372 25
      vertex -4.03219 18.9699 25
      vertex -3.2685 20.6365 25
    endloop
  endfacet
  facet normal 0 0 1
    outer loop
      vertex -4.34405 20.4372 25
      vertex -5.01947 18.7329 25
      vertex -4.03219 18.9699 25
    endloop
  endfacet
  facet normal -0 0 1
    outer loop
      vertex -5.4077 20.1818 25
      vertex -5.01947 18.7329 25
      vertex -4.34405 20.4372 25
    endloop
  endfacet
  facet normal 0 0 1
    outer loop
      vertex -5.4077 20.1818 25
      vertex -5.993 18.4446 25
      vertex -5.01947 18.7329 25
    endloop
  endfacet
  facet normal -0 0 1
    outer loop
      vertex -6.45652 19.8711 25
      vertex -5.993 18.4446 25
      vertex -5.4077 20.1818 25
    endloop
  endfacet
  facet normal 0 0 1
    outer loop
      vertex -6.45652 19.8711 25
      vertex -6.9501 18.1056 25
      vertex -5.993 18.4446 25
    endloop
  endfacet
  facet normal -0 0 1
    outer loop
      vertex -7.48765 19.506 25
      vertex -6.9501 18.1056 25
      vertex -6.45652 19.8711 25
    endloop
  endfacet
  facet normal 0 0 1
    outer loop
      vertex -7.48765 19.506 25
      vertex -7.88815 17.7171 25
      vertex -6.9501 18.1056 25
    endloop
  endfacet
  facet normal -0 0 1
    outer loop
      vertex -8.49825 19.0874 25
      vertex -7.88815 17.7171 25
      vertex -7.48765 19.506 25
    endloop
  endfacet
  facet normal 0 0 1
    outer loop
      vertex -8.49825 19.0874 25
      vertex -8.80458 17.28 25
      vertex -7.88815 17.7171 25
    endloop
  endfacet
  facet normal -0 0 1
    outer loop
      vertex -9.48556 18.6165 25
      vertex -8.80458 17.28 25
      vertex -8.49825 19.0874 25
    endloop
  endfacet
  facet normal 0 0 1
    outer loop
      vertex -9.48556 18.6165 25
      vertex -9.69687 16.7955 25
      vertex -8.80458 17.28 25
    endloop
  endfacet
  facet normal -0 0 1
    outer loop
      vertex -10.4469 18.0945 25
      vertex -9.69687 16.7955 25
      vertex -9.48556 18.6165 25
    endloop
  endfacet
  facet normal 0 0 1
    outer loop
      vertex -10.4469 18.0945 25
      vertex -10.5626 16.265 25
      vertex -9.69687 16.7955 25
    endloop
  endfacet
  facet normal -0 0 1
    outer loop
      vertex -11.3796 17.523 25
      vertex -10.5626 16.265 25
      vertex -10.4469 18.0945 25
    endloop
  endfacet
  facet normal 0 0 1
    outer loop
      vertex -11.3796 17.523 25
      vertex -11.3994 15.6899 25
      vertex -10.5626 16.265 25
    endloop
  endfacet
  facet normal -0 0 1
    outer loop
      vertex -12.281 16.9034 25
      vertex -11.3994 15.6899 25
      vertex -11.3796 17.523 25
    endloop
  endfacet
  facet normal 0 0 1
    outer loop
      vertex -11.3994 15.6899 25
      vertex -12.281 16.9034 25
      vertex -12.2049 15.0718 25
    endloop
  endfacet
  facet normal -0 0 1
    outer loop
      vertex -13.1489 16.2375 25
      vertex -12.2049 15.0718 25
      vertex -12.281 16.9034 25
    endloop
  endfacet
  facet normal 0 0 1
    outer loop
      vertex -12.2049 15.0718 25
      vertex -13.1489 16.2375 25
      vertex -12.977 14.4124 25
    endloop
  endfacet
  facet normal -0 0 1
    outer loop
      vertex -13.9806 15.5271 25
      vertex -12.977 14.4124 25
      vertex -13.1489 16.2375 25
    endloop
  endfacet
  facet normal 0 0 1
    outer loop
      vertex -12.977 14.4124 25
      vertex -13.9806 15.5271 25
      vertex -13.7135 13.7135 25
    endloop
  endfacet
  facet normal -0 0 1
    outer loop
      vertex -14.7741 14.7741 25
      vertex -13.7135 13.7135 25
      vertex -13.9806 15.5271 25
    endloop
  endfacet
  facet normal 0 0 1
    outer loop
      vertex -13.7135 13.7135 25
      vertex -14.7741 14.7741 25
      vertex -14.4124 12.977 25
    endloop
  endfacet
  facet normal -0 0 1
    outer loop
      vertex -15.5271 13.9806 25
      vertex -14.4124 12.977 25
      vertex -14.7741 14.7741 25
    endloop
  endfacet
  facet normal 0 0 1
    outer loop
      vertex -14.4124 12.977 25
      vertex -15.5271 13.9806 25
      vertex -15.0718 12.2049 25
    endloop
  endfacet
  facet normal -0 0 1
    outer loop
      vertex -16.2375 13.1489 25
      vertex -15.0718 12.2049 25
      vertex -15.5271 13.9806 25
    endloop
  endfacet
  facet normal 0 0 1
    outer loop
      vertex -15.0718 12.2049 25
      vertex -16.2375 13.1489 25
      vertex -15.6899 11.3994 25
    endloop
  endfacet
  facet normal -0 0 1
    outer loop
      vertex -16.9034 12.281 25
      vertex -15.6899 11.3994 25
      vertex -16.2375 13.1489 25
    endloop
  endfacet
  facet normal 0 0 1
    outer loop
      vertex -15.6899 11.3994 25
      vertex -16.9034 12.281 25
      vertex -16.265 10.5626 25
    endloop
  endfacet
  facet normal -0 0 1
    outer loop
      vertex -17.523 11.3796 25
      vertex -16.265 10.5626 25
      vertex -16.9034 12.281 25
    endloop
  endfacet
  facet normal 0 0 1
    outer loop
      vertex -16.265 10.5626 25
      vertex -17.523 11.3796 25
      vertex -16.7955 9.69687 25
    endloop
  endfacet
  facet normal -0 0 1
    outer loop
      vertex -18.0945 10.4469 25
      vertex -16.7955 9.69687 25
      vertex -17.523 11.3796 25
    endloop
  endfacet
  facet normal 0 0 1
    outer loop
      vertex -16.7955 9.69687 25
      vertex -18.0945 10.4469 25
      vertex -17.28 8.80458 25
    endloop
  endfacet
  facet normal -0 0 1
    outer loop
      vertex -18.6165 9.48556 25
      vertex -17.28 8.80458 25
      vertex -18.0945 10.4469 25
    endloop
  endfacet
  facet normal 0 0 1
    outer loop
      vertex -17.28 8.80458 25
      vertex -18.6165 9.48556 25
      vertex -17.7171 7.88815 25
    endloop
  endfacet
  facet normal -0 0 1
    outer loop
      vertex -19.0874 8.49825 25
      vertex -17.7171 7.88815 25
      vertex -18.6165 9.48556 25
    endloop
  endfacet
  facet normal 0 0 1
    outer loop
      vertex -17.7171 7.88815 25
      vertex -19.0874 8.49825 25
      vertex -18.1056 6.9501 25
    endloop
  endfacet
  facet normal -0 0 1
    outer loop
      vertex -19.506 7.48765 25
      vertex -18.1056 6.9501 25
      vertex -19.0874 8.49825 25
    endloop
  endfacet
  facet normal 0 0 1
    outer loop
      vertex -18.1056 6.9501 25
      vertex -19.506 7.48765 25
      vertex -18.4446 5.993 25
    endloop
  endfacet
  facet normal -0 0 1
    outer loop
      vertex -19.8711 6.45652 25
      vertex -18.4446 5.993 25
      vertex -19.506 7.48765 25
    endloop
  endfacet
  facet normal 0 0 1
    outer loop
      vertex -18.4446 5.993 25
      vertex -19.8711 6.45652 25
      vertex -18.7329 5.01947 25
    endloop
  endfacet
  facet normal -0 0 1
    outer loop
      vertex -20.1818 5.4077 25
      vertex -18.7329 5.01947 25
      vertex -19.8711 6.45652 25
    endloop
  endfacet
  facet normal 0 0 1
    outer loop
      vertex -18.7329 5.01947 25
      vertex -20.1818 5.4077 25
      vertex -18.9699 4.03219 25
    endloop
  endfacet
  facet normal 0 0 1
    outer loop
      vertex -18.9699 4.03219 25
      vertex -20.4372 4.34405 25
      vertex -19.155 3.03385 25
    endloop
  endfacet
  facet normal -0 0 1
    outer loop
      vertex -20.4372 4.34405 25
      vertex -18.9699 4.03219 25
      vertex -20.1818 5.4077 25
    endloop
  endfacet
  facet normal -0 0 1
    outer loop
      vertex 18.9699 -4.03219 25
      vertex 20.4372 -4.34405 25
      vertex 19.155 -3.03385 25
    endloop
  endfacet
  facet normal 0 0 1
    outer loop
      vertex 20.4372 -4.34405 25
      vertex 18.9699 -4.03219 25
      vertex 20.1818 -5.4077 25
    endloop
  endfacet
  facet normal -0 0 1
    outer loop
      vertex 18.7329 -5.01947 25
      vertex 20.1818 -5.4077 25
      vertex 18.9699 -4.03219 25
    endloop
  endfacet
  facet normal 0 0 1
    outer loop
      vertex 20.1818 -5.4077 25
      vertex 18.7329 -5.01947 25
      vertex 19.8711 -6.45652 25
    endloop
  endfacet
  facet normal -0 0 1
    outer loop
      vertex 18.4446 -5.993 25
      vertex 19.8711 -6.45652 25
      vertex 18.7329 -5.01947 25
    endloop
  endfacet
  facet normal 0 0 1
    outer loop
      vertex 19.8711 -6.45652 25
      vertex 18.4446 -5.993 25
      vertex 19.506 -7.48765 25
    endloop
  endfacet
  facet normal -0 0 1
    outer loop
      vertex 18.1056 -6.9501 25
      vertex 19.506 -7.48765 25
      vertex 18.4446 -5.993 25
    endloop
  endfacet
  facet normal 0 0 1
    outer loop
      vertex 19.506 -7.48765 25
      vertex 18.1056 -6.9501 25
      vertex 19.0874 -8.49825 25
    endloop
  endfacet
  facet normal -0 0 1
    outer loop
      vertex 17.7171 -7.88815 25
      vertex 19.0874 -8.49825 25
      vertex 18.1056 -6.9501 25
    endloop
  endfacet
  facet normal 0 0 1
    outer loop
      vertex 19.0874 -8.49825 25
      vertex 17.7171 -7.88815 25
      vertex 18.6165 -9.48556 25
    endloop
  endfacet
  facet normal -0 0 1
    outer loop
      vertex 17.28 -8.80458 25
      vertex 18.6165 -9.48556 25
      vertex 17.7171 -7.88815 25
    endloop
  endfacet
  facet normal 0 0 1
    outer loop
      vertex 18.6165 -9.48556 25
      vertex 17.28 -8.80458 25
      vertex 18.0945 -10.4469 25
    endloop
  endfacet
  facet normal -0 0 1
    outer loop
      vertex 16.7955 -9.69687 25
      vertex 18.0945 -10.4469 25
      vertex 17.28 -8.80458 25
    endloop
  endfacet
  facet normal 0 0 1
    outer loop
      vertex 18.0945 -10.4469 25
      vertex 16.7955 -9.69687 25
      vertex 17.523 -11.3796 25
    endloop
  endfacet
  facet normal -0 0 1
    outer loop
      vertex 16.265 -10.5626 25
      vertex 17.523 -11.3796 25
      vertex 16.7955 -9.69687 25
    endloop
  endfacet
  facet normal 0 0 1
    outer loop
      vertex 17.523 -11.3796 25
      vertex 16.265 -10.5626 25
      vertex 16.9034 -12.281 25
    endloop
  endfacet
  facet normal -0 0 1
    outer loop
      vertex 15.6899 -11.3994 25
      vertex 16.9034 -12.281 25
      vertex 16.265 -10.5626 25
    endloop
  endfacet
  facet normal 0 0 1
    outer loop
      vertex 16.9034 -12.281 25
      vertex 15.6899 -11.3994 25
      vertex 16.2375 -13.1489 25
    endloop
  endfacet
  facet normal -0 0 1
    outer loop
      vertex 15.0718 -12.2049 25
      vertex 16.2375 -13.1489 25
      vertex 15.6899 -11.3994 25
    endloop
  endfacet
  facet normal 0 0 1
    outer loop
      vertex 16.2375 -13.1489 25
      vertex 15.0718 -12.2049 25
      vertex 15.5271 -13.9806 25
    endloop
  endfacet
  facet normal -0 0 1
    outer loop
      vertex 14.4124 -12.977 25
      vertex 15.5271 -13.9806 25
      vertex 15.0718 -12.2049 25
    endloop
  endfacet
  facet normal 0 0 1
    outer loop
      vertex 15.5271 -13.9806 25
      vertex 14.4124 -12.977 25
      vertex 14.7741 -14.7741 25
    endloop
  endfacet
  facet normal -0 0 1
    outer loop
      vertex 13.7135 -13.7135 25
      vertex 14.7741 -14.7741 25
      vertex 14.4124 -12.977 25
    endloop
  endfacet
  facet normal 0 0 1
    outer loop
      vertex 14.7741 -14.7741 25
      vertex 13.7135 -13.7135 25
      vertex 13.9806 -15.5271 25
    endloop
  endfacet
  facet normal -0 0 1
    outer loop
      vertex 12.977 -14.4124 25
      vertex 13.9806 -15.5271 25
      vertex 13.7135 -13.7135 25
    endloop
  endfacet
  facet normal 0 0 1
    outer loop
      vertex 13.9806 -15.5271 25
      vertex 12.977 -14.4124 25
      vertex 13.1489 -16.2375 25
    endloop
  endfacet
  facet normal -0 0 1
    outer loop
      vertex 12.2049 -15.0718 25
      vertex 13.1489 -16.2375 25
      vertex 12.977 -14.4124 25
    endloop
  endfacet
  facet normal 0 0 1
    outer loop
      vertex 13.1489 -16.2375 25
      vertex 12.2049 -15.0718 25
      vertex 12.281 -16.9034 25
    endloop
  endfacet
  facet normal -0 0 1
    outer loop
      vertex 11.3994 -15.6899 25
      vertex 12.281 -16.9034 25
      vertex 12.2049 -15.0718 25
    endloop
  endfacet
  facet normal 0 0 1
    outer loop
      vertex 11.3994 -15.6899 25
      vertex 11.3796 -17.523 25
      vertex 12.281 -16.9034 25
    endloop
  endfacet
  facet normal -0 0 1
    outer loop
      vertex 10.5626 -16.265 25
      vertex 11.3796 -17.523 25
      vertex 11.3994 -15.6899 25
    endloop
  endfacet
  facet normal 0 0 1
    outer loop
      vertex 10.5626 -16.265 25
      vertex 10.4469 -18.0945 25
      vertex 11.3796 -17.523 25
    endloop
  endfacet
  facet normal -0 0 1
    outer loop
      vertex 9.69687 -16.7955 25
      vertex 10.4469 -18.0945 25
      vertex 10.5626 -16.265 25
    endloop
  endfacet
  facet normal 0 0 1
    outer loop
      vertex 9.69687 -16.7955 25
      vertex 9.48556 -18.6165 25
      vertex 10.4469 -18.0945 25
    endloop
  endfacet
  facet normal -0 0 1
    outer loop
      vertex 8.80458 -17.28 25
      vertex 9.48556 -18.6165 25
      vertex 9.69687 -16.7955 25
    endloop
  endfacet
  facet normal 0 0 1
    outer loop
      vertex 8.80458 -17.28 25
      vertex 8.49825 -19.0874 25
      vertex 9.48556 -18.6165 25
    endloop
  endfacet
  facet normal -0 0 1
    outer loop
      vertex 7.88815 -17.7171 25
      vertex 8.49825 -19.0874 25
      vertex 8.80458 -17.28 25
    endloop
  endfacet
  facet normal 0 0 1
    outer loop
      vertex 7.88815 -17.7171 25
      vertex 7.48765 -19.506 25
      vertex 8.49825 -19.0874 25
    endloop
  endfacet
  facet normal -0 0 1
    outer loop
      vertex 6.9501 -18.1056 25
      vertex 7.48765 -19.506 25
      vertex 7.88815 -17.7171 25
    endloop
  endfacet
  facet normal 0 0 1
    outer loop
      vertex 6.9501 -18.1056 25
      vertex 6.45652 -19.8711 25
      vertex 7.48765 -19.506 25
    endloop
  endfacet
  facet normal -0 0 1
    outer loop
      vertex 5.993 -18.4446 25
      vertex 6.45652 -19.8711 25
      vertex 6.9501 -18.1056 25
    endloop
  endfacet
  facet normal 0 0 1
    outer loop
      vertex 5.993 -18.4446 25
      vertex 5.4077 -20.1818 25
      vertex 6.45652 -19.8711 25
    endloop
  endfacet
  facet normal -0 0 1
    outer loop
      vertex 5.01947 -18.7329 25
      vertex 5.4077 -20.1818 25
      vertex 5.993 -18.4446 25
    endloop
  endfacet
  facet normal 0 0 1
    outer loop
      vertex 5.01947 -18.7329 25
      vertex 4.34405 -20.4372 25
      vertex 5.4077 -20.1818 25
    endloop
  endfacet
  facet normal -0 0 1
    outer loop
      vertex 4.03219 -18.9699 25
      vertex 4.34405 -20.4372 25
      vertex 5.01947 -18.7329 25
    endloop
  endfacet
  facet normal 0 0 1
    outer loop
      vertex 4.03219 -18.9699 25
      vertex 3.2685 -20.6365 25
      vertex 4.34405 -20.4372 25
    endloop
  endfacet
  facet normal -0 0 1
    outer loop
      vertex 3.03385 -19.155 25
      vertex 3.2685 -20.6365 25
      vertex 4.03219 -18.9699 25
    endloop
  endfacet
  facet normal 0 0 1
    outer loop
      vertex 3.03385 -19.155 25
      vertex 2.18399 -20.7793 25
      vertex 3.2685 -20.6365 25
    endloop
  endfacet
  facet normal -0 0 1
    outer loop
      vertex 2.0272 -19.2875 25
      vertex 2.18399 -20.7793 25
      vertex 3.03385 -19.155 25
    endloop
  endfacet
  facet normal 0 0 1
    outer loop
      vertex 2.0272 -19.2875 25
      vertex 1.09349 -20.8651 25
      vertex 2.18399 -20.7793 25
    endloop
  endfacet
  facet normal -0 0 1
    outer loop
      vertex 1.01499 -19.3672 25
      vertex 1.09349 -20.8651 25
      vertex 2.0272 -19.2875 25
    endloop
  endfacet
  facet normal -0 0 1
    outer loop
      vertex 0 -19.3937 25
      vertex 1.09349 -20.8651 25
      vertex 1.01499 -19.3672 25
    endloop
  endfacet
  facet normal 0 0 1
    outer loop
      vertex 0 -19.3937 25
      vertex 0 -20.8937 25
      vertex 1.09349 -20.8651 25
    endloop
  endfacet
  facet normal 0 0 1
    outer loop
      vertex -1.01499 -19.3672 25
      vertex 0 -20.8937 25
      vertex 0 -19.3937 25
    endloop
  endfacet
  facet normal 0 0 1
    outer loop
      vertex -1.01499 -19.3672 25
      vertex -1.09349 -20.8651 25
      vertex 0 -20.8937 25
    endloop
  endfacet
  facet normal 0 0 1
    outer loop
      vertex -2.0272 -19.2875 25
      vertex -1.09349 -20.8651 25
      vertex -1.01499 -19.3672 25
    endloop
  endfacet
  facet normal 0 0 1
    outer loop
      vertex -2.0272 -19.2875 25
      vertex -2.18399 -20.7793 25
      vertex -1.09349 -20.8651 25
    endloop
  endfacet
  facet normal 0 0 1
    outer loop
      vertex -3.03385 -19.155 25
      vertex -2.18399 -20.7793 25
      vertex -2.0272 -19.2875 25
    endloop
  endfacet
  facet normal 0 0 1
    outer loop
      vertex -3.03385 -19.155 25
      vertex -3.2685 -20.6365 25
      vertex -2.18399 -20.7793 25
    endloop
  endfacet
  facet normal 0 0 1
    outer loop
      vertex -4.03219 -18.9699 25
      vertex -3.2685 -20.6365 25
      vertex -3.03385 -19.155 25
    endloop
  endfacet
  facet normal 0 0 1
    outer loop
      vertex -4.03219 -18.9699 25
      vertex -4.34405 -20.4372 25
      vertex -3.2685 -20.6365 25
    endloop
  endfacet
  facet normal 0 0 1
    outer loop
      vertex -5.01947 -18.7329 25
      vertex -4.34405 -20.4372 25
      vertex -4.03219 -18.9699 25
    endloop
  endfacet
  facet normal 0 0 1
    outer loop
      vertex -5.01947 -18.7329 25
      vertex -5.4077 -20.1818 25
      vertex -4.34405 -20.4372 25
    endloop
  endfacet
  facet normal 0 0 1
    outer loop
      vertex -5.993 -18.4446 25
      vertex -5.4077 -20.1818 25
      vertex -5.01947 -18.7329 25
    endloop
  endfacet
  facet normal 0 0 1
    outer loop
      vertex -5.993 -18.4446 25
      vertex -6.45652 -19.8711 25
      vertex -5.4077 -20.1818 25
    endloop
  endfacet
  facet normal 0 0 1
    outer loop
      vertex -6.9501 -18.1056 25
      vertex -6.45652 -19.8711 25
      vertex -5.993 -18.4446 25
    endloop
  endfacet
  facet normal 0 0 1
    outer loop
      vertex -6.9501 -18.1056 25
      vertex -7.48765 -19.506 25
      vertex -6.45652 -19.8711 25
    endloop
  endfacet
  facet normal 0 0 1
    outer loop
      vertex -7.88815 -17.7171 25
      vertex -7.48765 -19.506 25
      vertex -6.9501 -18.1056 25
    endloop
  endfacet
  facet normal 0 0 1
    outer loop
      vertex -7.88815 -17.7171 25
      vertex -8.49825 -19.0874 25
      vertex -7.48765 -19.506 25
    endloop
  endfacet
  facet normal 0 0 1
    outer loop
      vertex -8.80458 -17.28 25
      vertex -8.49825 -19.0874 25
      vertex -7.88815 -17.7171 25
    endloop
  endfacet
  facet normal 0 0 1
    outer loop
      vertex -8.80458 -17.28 25
      vertex -9.48556 -18.6165 25
      vertex -8.49825 -19.0874 25
    endloop
  endfacet
  facet normal 0 0 1
    outer loop
      vertex -9.69687 -16.7955 25
      vertex -9.48556 -18.6165 25
      vertex -8.80458 -17.28 25
    endloop
  endfacet
  facet normal 0 0 1
    outer loop
      vertex -9.69687 -16.7955 25
      vertex -10.4469 -18.0945 25
      vertex -9.48556 -18.6165 25
    endloop
  endfacet
  facet normal 0 0 1
    outer loop
      vertex -10.5626 -16.265 25
      vertex -10.4469 -18.0945 25
      vertex -9.69687 -16.7955 25
    endloop
  endfacet
  facet normal 0 0 1
    outer loop
      vertex -10.5626 -16.265 25
      vertex -11.3796 -17.523 25
      vertex -10.4469 -18.0945 25
    endloop
  endfacet
  facet normal 0 0 1
    outer loop
      vertex -11.3994 -15.6899 25
      vertex -11.3796 -17.523 25
      vertex -10.5626 -16.265 25
    endloop
  endfacet
  facet normal 0 0 1
    outer loop
      vertex -12.281 -16.9034 25
      vertex -11.3994 -15.6899 25
      vertex -12.2049 -15.0718 25
    endloop
  endfacet
  facet normal 0 0 1
    outer loop
      vertex -11.3994 -15.6899 25
      vertex -12.281 -16.9034 25
      vertex -11.3796 -17.523 25
    endloop
  endfacet
  facet normal 0 0 1
    outer loop
      vertex -13.1489 -16.2375 25
      vertex -12.2049 -15.0718 25
      vertex -12.977 -14.4124 25
    endloop
  endfacet
  facet normal 0 0 1
    outer loop
      vertex -12.2049 -15.0718 25
      vertex -13.1489 -16.2375 25
      vertex -12.281 -16.9034 25
    endloop
  endfacet
  facet normal 0 0 1
    outer loop
      vertex -13.9806 -15.5271 25
      vertex -12.977 -14.4124 25
      vertex -13.7135 -13.7135 25
    endloop
  endfacet
  facet normal 0 0 1
    outer loop
      vertex -12.977 -14.4124 25
      vertex -13.9806 -15.5271 25
      vertex -13.1489 -16.2375 25
    endloop
  endfacet
  facet normal 0 0 1
    outer loop
      vertex -14.7741 -14.7741 25
      vertex -13.7135 -13.7135 25
      vertex -14.4124 -12.977 25
    endloop
  endfacet
  facet normal 0 0 1
    outer loop
      vertex -13.7135 -13.7135 25
      vertex -14.7741 -14.7741 25
      vertex -13.9806 -15.5271 25
    endloop
  endfacet
  facet normal 0 0 1
    outer loop
      vertex -15.5271 -13.9806 25
      vertex -14.4124 -12.977 25
      vertex -15.0718 -12.2049 25
    endloop
  endfacet
  facet normal 0 0 1
    outer loop
      vertex -14.4124 -12.977 25
      vertex -15.5271 -13.9806 25
      vertex -14.7741 -14.7741 25
    endloop
  endfacet
  facet normal 0 0 1
    outer loop
      vertex -16.2375 -13.1489 25
      vertex -15.0718 -12.2049 25
      vertex -15.6899 -11.3994 25
    endloop
  endfacet
  facet normal 0 0 1
    outer loop
      vertex -15.0718 -12.2049 25
      vertex -16.2375 -13.1489 25
      vertex -15.5271 -13.9806 25
    endloop
  endfacet
  facet normal 0 0 1
    outer loop
      vertex -16.9034 -12.281 25
      vertex -15.6899 -11.3994 25
      vertex -16.265 -10.5626 25
    endloop
  endfacet
  facet normal 0 0 1
    outer loop
      vertex -17.523 -11.3796 25
      vertex -16.265 -10.5626 25
      vertex -16.7955 -9.69687 25
    endloop
  endfacet
  facet normal 0 0 1
    outer loop
      vertex -15.6899 -11.3994 25
      vertex -16.9034 -12.281 25
      vertex -16.2375 -13.1489 25
    endloop
  endfacet
  facet normal 0 0 1
    outer loop
      vertex -18.0945 -10.4469 25
      vertex -16.7955 -9.69687 25
      vertex -17.28 -8.80458 25
    endloop
  endfacet
  facet normal 0 0 1
    outer loop
      vertex -16.265 -10.5626 25
      vertex -17.523 -11.3796 25
      vertex -16.9034 -12.281 25
    endloop
  endfacet
  facet normal 0 0 1
    outer loop
      vertex -18.6165 -9.48556 25
      vertex -17.28 -8.80458 25
      vertex -17.7171 -7.88815 25
    endloop
  endfacet
  facet normal 0 0 1
    outer loop
      vertex -16.7955 -9.69687 25
      vertex -18.0945 -10.4469 25
      vertex -17.523 -11.3796 25
    endloop
  endfacet
  facet normal 0 0 1
    outer loop
      vertex -19.0874 -8.49825 25
      vertex -17.7171 -7.88815 25
      vertex -18.1056 -6.9501 25
    endloop
  endfacet
  facet normal 0 0 1
    outer loop
      vertex -19.506 -7.48765 25
      vertex -18.1056 -6.9501 25
      vertex -18.4446 -5.993 25
    endloop
  endfacet
  facet normal 0 0 1
    outer loop
      vertex -17.28 -8.80458 25
      vertex -18.6165 -9.48556 25
      vertex -18.0945 -10.4469 25
    endloop
  endfacet
  facet normal 0 0 1
    outer loop
      vertex -19.8711 -6.45652 25
      vertex -18.4446 -5.993 25
      vertex -18.7329 -5.01947 25
    endloop
  endfacet
  facet normal 0 0 1
    outer loop
      vertex -20.1818 -5.4077 25
      vertex -18.7329 -5.01947 25
      vertex -18.9699 -4.03219 25
    endloop
  endfacet
  facet normal 0 0 1
    outer loop
      vertex -17.7171 -7.88815 25
      vertex -19.0874 -8.49825 25
      vertex -18.6165 -9.48556 25
    endloop
  endfacet
  facet normal 0 0 1
    outer loop
      vertex -20.4372 -4.34405 25
      vertex -18.9699 -4.03219 25
      vertex -19.155 -3.03385 25
    endloop
  endfacet
  facet normal 0 0 1
    outer loop
      vertex -20.6365 -3.2685 25
      vertex -19.155 -3.03385 25
      vertex -19.2875 -2.0272 25
    endloop
  endfacet
  facet normal 0 0 1
    outer loop
      vertex -20.7793 -2.18399 25
      vertex -19.2875 -2.0272 25
      vertex -19.3672 -1.01499 25
    endloop
  endfacet
  facet normal 0 0 1
    outer loop
      vertex -18.1056 -6.9501 25
      vertex -19.506 -7.48765 25
      vertex -19.0874 -8.49825 25
    endloop
  endfacet
  facet normal 0 0 1
    outer loop
      vertex -20.8651 -1.09349 25
      vertex -19.3672 -1.01499 25
      vertex -19.3937 0 25
    endloop
  endfacet
  facet normal -0 0 1
    outer loop
      vertex -20.6365 3.2685 25
      vertex -19.155 3.03385 25
      vertex -20.4372 4.34405 25
    endloop
  endfacet
  facet normal 0 0 1
    outer loop
      vertex -19.155 3.03385 25
      vertex -20.6365 3.2685 25
      vertex -19.2875 2.0272 25
    endloop
  endfacet
  facet normal 0 0 1
    outer loop
      vertex -18.4446 -5.993 25
      vertex -19.8711 -6.45652 25
      vertex -19.506 -7.48765 25
    endloop
  endfacet
  facet normal -0 0 1
    outer loop
      vertex -20.7793 2.18399 25
      vertex -19.2875 2.0272 25
      vertex -20.6365 3.2685 25
    endloop
  endfacet
  facet normal 0 0 1
    outer loop
      vertex -18.7329 -5.01947 25
      vertex -20.1818 -5.4077 25
      vertex -19.8711 -6.45652 25
    endloop
  endfacet
  facet normal 0 0 1
    outer loop
      vertex -19.2875 2.0272 25
      vertex -20.7793 2.18399 25
      vertex -19.3672 1.01499 25
    endloop
  endfacet
  facet normal 0 0 1
    outer loop
      vertex -18.9699 -4.03219 25
      vertex -20.4372 -4.34405 25
      vertex -20.1818 -5.4077 25
    endloop
  endfacet
  facet normal -0 0 1
    outer loop
      vertex -20.8651 1.09349 25
      vertex -19.3672 1.01499 25
      vertex -20.7793 2.18399 25
    endloop
  endfacet
  facet normal 0 0 1
    outer loop
      vertex -19.155 -3.03385 25
      vertex -20.6365 -3.2685 25
      vertex -20.4372 -4.34405 25
    endloop
  endfacet
  facet normal 0 0 1
    outer loop
      vertex -19.3672 1.01499 25
      vertex -20.8651 1.09349 25
      vertex -19.3937 0 25
    endloop
  endfacet
  facet normal 0 0 1
    outer loop
      vertex -19.2875 -2.0272 25
      vertex -20.7793 -2.18399 25
      vertex -20.6365 -3.2685 25
    endloop
  endfacet
  facet normal 0 0 1
    outer loop
      vertex -20.8937 0 25
      vertex -19.3937 0 25
      vertex -20.8651 1.09349 25
    endloop
  endfacet
  facet normal 0 0 1
    outer loop
      vertex -19.3672 -1.01499 25
      vertex -20.8651 -1.09349 25
      vertex -20.7793 -2.18399 25
    endloop
  endfacet
  facet normal 0 0 1
    outer loop
      vertex -19.3937 0 25
      vertex -20.8937 0 25
      vertex -20.8651 -1.09349 25
    endloop
  endfacet
  facet normal -0.666657 0.236048 0.707001
    outer loop
      vertex -19.506 7.48765 25
      vertex -21.7733 7.07456 23
      vertex -19.8711 6.45652 25
    endloop
  endfacet
  facet normal -0.666655 0.236079 0.706992
    outer loop
      vertex -21.3732 8.20439 23
      vertex -21.7733 7.07456 23
      vertex -19.506 7.48765 25
    endloop
  endfacet
  facet normal -0.537756 0.459327 0.706992
    outer loop
      vertex -15.5271 13.9806 25
      vertex -17.0134 15.3189 23
      vertex -16.2375 13.1489 25
    endloop
  endfacet
  facet normal -0.582846 0.400581 0.706984
    outer loop
      vertex -18.5214 13.4566 23
      vertex -19.2003 12.4688 23
      vertex -16.9034 12.281 25
    endloop
  endfacet
  facet normal -0.537786 0.459307 0.706982
    outer loop
      vertex -17.0134 15.3189 23
      vertex -17.7918 14.4075 23
      vertex -16.2375 13.1489 25
    endloop
  endfacet
  facet normal -0.561104 0.43051 0.706982
    outer loop
      vertex -16.2375 13.1489 25
      vertex -17.7918 14.4075 23
      vertex -16.9034 12.281 25
    endloop
  endfacet
  facet normal -0.638333 0.304482 0.706981
    outer loop
      vertex -20.3985 10.3935 23
      vertex -20.9145 9.31173 23
      vertex -18.6165 9.48556 25
    endloop
  endfacet
  facet normal -0.621541 0.33744 0.70698
    outer loop
      vertex -19.8266 11.4469 23
      vertex -20.3985 10.3935 23
      vertex -18.6165 9.48556 25
    endloop
  endfacet
  facet normal -0.638337 0.304457 0.706988
    outer loop
      vertex -18.6165 9.48556 25
      vertex -20.9145 9.31173 23
      vertex -19.0874 8.49825 25
    endloop
  endfacet
  facet normal -0.653393 0.270641 0.706988
    outer loop
      vertex -19.0874 8.49825 25
      vertex -20.9145 9.31173 23
      vertex -19.506 7.48765 25
    endloop
  endfacet
  facet normal -0.603021 0.369494 0.706993
    outer loop
      vertex -17.523 11.3796 25
      vertex -19.8266 11.4469 23
      vertex -18.0945 10.4469 25
    endloop
  endfacet
  facet normal -0.430515 -0.561097 0.706984
    outer loop
      vertex -12.281 -16.9034 25
      vertex -14.4075 -17.7918 23
      vertex -13.4566 -18.5214 23
    endloop
  endfacet
  facet normal -0.0923249 -0.701171 0.70699
    outer loop
      vertex -3.2685 -20.6365 25
      vertex -3.58137 -22.6119 23
      vertex -2.18399 -20.7793 25
    endloop
  endfacet
  facet normal -0.337474 -0.621508 0.706994
    outer loop
      vertex -10.4469 -18.0945 25
      vertex -11.4469 -19.8266 23
      vertex -9.48556 -18.6165 25
    endloop
  endfacet
  facet normal -0.0922864 0.701188 0.706978
    outer loop
      vertex -2.39305 22.7683 23
      vertex -3.58137 22.6119 23
      vertex -2.18399 20.7793 25
    endloop
  endfacet
  facet normal -0.0554735 0.705057 0.706978
    outer loop
      vertex -1.09349 20.8651 25
      vertex -2.39305 22.7683 23
      vertex -2.18399 20.7793 25
    endloop
  endfacet
  facet normal -0.0923249 0.701171 0.70699
    outer loop
      vertex -2.18399 20.7793 25
      vertex -3.58137 22.6119 23
      vertex -3.2685 20.6365 25
    endloop
  endfacet
  facet normal -0.128855 0.695386 0.70699
    outer loop
      vertex -3.58137 22.6119 23
      vertex -4.34405 20.4372 25
      vertex -3.2685 20.6365 25
    endloop
  endfacet
  facet normal 0.165096 0.687679 0.706994
    outer loop
      vertex 5.92534 22.1137 23
      vertex 4.75988 22.3935 23
      vertex 5.4077 20.1818 25
    endloop
  endfacet
  facet normal 0.128855 0.695386 0.70699
    outer loop
      vertex 3.58137 22.6119 23
      vertex 3.2685 20.6365 25
      vertex 4.34405 20.4372 25
    endloop
  endfacet
  facet normal 0.0184909 0.706979 0.706993
    outer loop
      vertex 1.19817 22.8624 23
      vertex 0 20.8937 25
      vertex 1.09349 20.8651 25
    endloop
  endfacet
  facet normal 0.0555236 0.705038 0.706992
    outer loop
      vertex 1.19817 22.8624 23
      vertex 1.09349 20.8651 25
      vertex 2.39305 22.7683 23
    endloop
  endfacet
  facet normal 0.0922864 0.701188 0.706978
    outer loop
      vertex 2.39305 22.7683 23
      vertex 2.18399 20.7793 25
      vertex 3.58137 22.6119 23
    endloop
  endfacet
  facet normal 0.165123 0.687681 0.706986
    outer loop
      vertex 4.75988 22.3935 23
      vertex 4.34405 20.4372 25
      vertex 5.4077 20.1818 25
    endloop
  endfacet
  facet normal -0.304457 0.638337 0.706988
    outer loop
      vertex -9.31173 20.9145 23
      vertex -9.48556 18.6165 25
      vertex -8.49825 19.0874 25
    endloop
  endfacet
  facet normal -0.200853 0.678098 0.706994
    outer loop
      vertex -5.92534 22.1137 23
      vertex -7.07456 21.7733 23
      vertex -5.4077 20.1818 25
    endloop
  endfacet
  facet normal -0.270654 0.653382 0.706992
    outer loop
      vertex -8.20439 21.3732 23
      vertex -9.31173 20.9145 23
      vertex -7.48765 19.506 25
    endloop
  endfacet
  facet normal -0.400581 0.582846 0.706984
    outer loop
      vertex -12.4688 19.2003 23
      vertex -13.4566 18.5214 23
      vertex -12.281 16.9034 25
    endloop
  endfacet
  facet normal -0.400624 0.582831 0.706971
    outer loop
      vertex -11.3796 17.523 25
      vertex -12.4688 19.2003 23
      vertex -12.281 16.9034 25
    endloop
  endfacet
  facet normal -0.337474 0.621508 0.706994
    outer loop
      vertex -9.48556 18.6165 25
      vertex -11.4469 19.8266 23
      vertex -10.4469 18.0945 25
    endloop
  endfacet
  facet normal -0.369494 0.603021 0.706993
    outer loop
      vertex -10.4469 18.0945 25
      vertex -11.4469 19.8266 23
      vertex -11.3796 17.523 25
    endloop
  endfacet
  facet normal -0.43051 0.561104 0.706982
    outer loop
      vertex -12.281 16.9034 25
      vertex -14.4075 17.7918 23
      vertex -13.1489 16.2375 25
    endloop
  endfacet
  facet normal 0.582846 0.400581 0.706984
    outer loop
      vertex 18.5214 13.4566 23
      vertex 16.9034 12.281 25
      vertex 19.2003 12.4688 23
    endloop
  endfacet
  facet normal 0.582831 0.400624 0.706971
    outer loop
      vertex 19.2003 12.4688 23
      vertex 16.9034 12.281 25
      vertex 17.523 11.3796 25
    endloop
  endfacet
  facet normal 0.621508 0.337474 0.706994
    outer loop
      vertex 19.8266 11.4469 23
      vertex 18.0945 10.4469 25
      vertex 18.6165 9.48556 25
    endloop
  endfacet
  facet normal 0.621541 0.33744 0.70698
    outer loop
      vertex 19.8266 11.4469 23
      vertex 18.6165 9.48556 25
      vertex 20.3985 10.3935 23
    endloop
  endfacet
  facet normal 0.638333 0.304482 0.706981
    outer loop
      vertex 20.3985 10.3935 23
      vertex 18.6165 9.48556 25
      vertex 20.9145 9.31173 23
    endloop
  endfacet
  facet normal 0.653393 0.270641 0.706988
    outer loop
      vertex 20.9145 9.31173 23
      vertex 19.0874 8.49825 25
      vertex 19.506 7.48765 25
    endloop
  endfacet
  facet normal 0.486818 0.513002 0.706992
    outer loop
      vertex 15.3189 17.0134 23
      vertex 13.9806 15.5271 25
      vertex 14.7741 14.7741 25
    endloop
  endfacet
  facet normal 0.537786 0.459307 0.706982
    outer loop
      vertex 17.0134 15.3189 23
      vertex 16.2375 13.1489 25
      vertex 17.7918 14.4075 23
    endloop
  endfacet
  facet normal 0.512987 0.486847 0.706983
    outer loop
      vertex 16.1883 16.1883 23
      vertex 14.7741 14.7741 25
      vertex 17.0134 15.3189 23
    endloop
  endfacet
  facet normal 0.43051 0.561104 0.706982
    outer loop
      vertex 14.4075 17.7918 23
      vertex 12.281 16.9034 25
      vertex 13.1489 16.2375 25
    endloop
  endfacet
  facet normal 0.369566 0.603001 0.706973
    outer loop
      vertex 11.4469 19.8266 23
      vertex 11.3796 17.523 25
      vertex 12.4688 19.2003 23
    endloop
  endfacet
  facet normal 0.337474 0.621508 0.706994
    outer loop
      vertex 11.4469 19.8266 23
      vertex 9.48556 18.6165 25
      vertex 10.4469 18.0945 25
    endloop
  endfacet
  facet normal 0.33744 0.621541 0.70698
    outer loop
      vertex 10.3935 20.3985 23
      vertex 9.48556 18.6165 25
      vertex 11.4469 19.8266 23
    endloop
  endfacet
  facet normal 0.687681 0.165123 0.706986
    outer loop
      vertex 22.3935 4.75988 23
      vertex 20.1818 5.4077 25
      vertex 20.4372 4.34405 25
    endloop
  endfacet
  facet normal 0.687679 0.165096 0.706994
    outer loop
      vertex 22.1137 5.92534 23
      vertex 20.1818 5.4077 25
      vertex 22.3935 4.75988 23
    endloop
  endfacet
  facet normal 0.706979 0.0184909 0.706993
    outer loop
      vertex 22.8624 1.19817 23
      vertex 20.8651 1.09349 25
      vertex 20.8937 0 25
    endloop
  endfacet
  facet normal 0.695386 0.128855 0.70699
    outer loop
      vertex 22.6119 3.58137 23
      vertex 20.4372 4.34405 25
      vertex 20.6365 3.2685 25
    endloop
  endfacet
  facet normal 0.0184687 -0.706986 0.706986
    outer loop
      vertex 0 -20.8937 25
      vertex 0 -22.8937 23
      vertex 1.19817 -22.8624 23
    endloop
  endfacet
  facet normal 0.128868 -0.695387 0.706986
    outer loop
      vertex 4.34405 -20.4372 25
      vertex 3.58137 -22.6119 23
      vertex 4.75988 -22.3935 23
    endloop
  endfacet
  facet normal 0.128855 -0.695386 0.70699
    outer loop
      vertex 4.34405 -20.4372 25
      vertex 3.2685 -20.6365 25
      vertex 3.58137 -22.6119 23
    endloop
  endfacet
  facet normal 0.165096 -0.687679 0.706994
    outer loop
      vertex 5.4077 -20.1818 25
      vertex 4.75988 -22.3935 23
      vertex 5.92534 -22.1137 23
    endloop
  endfacet
  facet normal 0.400581 -0.582846 0.706984
    outer loop
      vertex 13.4566 -18.5214 23
      vertex 12.281 -16.9034 25
      vertex 12.4688 -19.2003 23
    endloop
  endfacet
  facet normal 0.369566 -0.603001 0.706973
    outer loop
      vertex 12.4688 -19.2003 23
      vertex 11.3796 -17.523 25
      vertex 11.4469 -19.8266 23
    endloop
  endfacet
  facet normal 0.561104 -0.43051 0.706982
    outer loop
      vertex 16.9034 -12.281 25
      vertex 16.2375 -13.1489 25
      vertex 17.7918 -14.4075 23
    endloop
  endfacet
  facet normal 0.43051 -0.561104 0.706982
    outer loop
      vertex 13.1489 -16.2375 25
      vertex 12.281 -16.9034 25
      vertex 14.4075 -17.7918 23
    endloop
  endfacet
  facet normal 0.603001 -0.369566 0.706973
    outer loop
      vertex 19.8266 -11.4469 23
      vertex 17.523 -11.3796 25
      vertex 19.2003 -12.4688 23
    endloop
  endfacet
  facet normal 0.621508 -0.337474 0.706994
    outer loop
      vertex 18.6165 -9.48556 25
      vertex 18.0945 -10.4469 25
      vertex 19.8266 -11.4469 23
    endloop
  endfacet
  facet normal 0.666655 -0.236079 0.706992
    outer loop
      vertex 21.7733 -7.07456 23
      vertex 19.506 -7.48765 25
      vertex 21.3732 -8.20439 23
    endloop
  endfacet
  facet normal 0.687681 -0.165123 0.706986
    outer loop
      vertex 20.4372 -4.34405 25
      vertex 20.1818 -5.4077 25
      vertex 22.3935 -4.75988 23
    endloop
  endfacet
  facet normal -0.638333 -0.304482 0.706981
    outer loop
      vertex -18.6165 -9.48556 25
      vertex -20.9145 -9.31173 23
      vertex -20.3985 -10.3935 23
    endloop
  endfacet
  facet normal -0.537786 -0.459307 0.706982
    outer loop
      vertex -16.2375 -13.1489 25
      vertex -17.7918 -14.4075 23
      vertex -17.0134 -15.3189 23
    endloop
  endfacet
  facet normal -0.561097 -0.430515 0.706984
    outer loop
      vertex -16.9034 -12.281 25
      vertex -18.5214 -13.4566 23
      vertex -17.7918 -14.4075 23
    endloop
  endfacet
  facet normal -0.582846 -0.400581 0.706984
    outer loop
      vertex -16.9034 -12.281 25
      vertex -19.2003 -12.4688 23
      vertex -18.5214 -13.4566 23
    endloop
  endfacet
  facet normal -0.512987 -0.486847 0.706983
    outer loop
      vertex -14.7741 -14.7741 25
      vertex -17.0134 -15.3189 23
      vertex -16.1883 -16.1883 23
    endloop
  endfacet
  facet normal -0.653382 -0.270654 0.706992
    outer loop
      vertex -19.506 -7.48765 25
      vertex -21.3732 -8.20439 23
      vertex -20.9145 -9.31173 23
    endloop
  endfacet
  facet normal -0.666655 -0.236079 0.706992
    outer loop
      vertex -19.506 -7.48765 25
      vertex -21.7733 -7.07456 23
      vertex -21.3732 -8.20439 23
    endloop
  endfacet
  facet normal -0.678085 -0.200874 0.707001
    outer loop
      vertex -20.1818 -5.4077 25
      vertex -21.7733 -7.07456 23
      vertex -19.8711 -6.45652 25
    endloop
  endfacet
  facet normal -0.695387 -0.128868 0.706986
    outer loop
      vertex -20.4372 -4.34405 25
      vertex -22.6119 -3.58137 23
      vertex -22.3935 -4.75988 23
    endloop
  endfacet
  facet normal -0.687681 -0.165123 0.706986
    outer loop
      vertex -20.4372 -4.34405 25
      vertex -22.3935 -4.75988 23
      vertex -20.1818 -5.4077 25
    endloop
  endfacet
  facet normal -0.687679 -0.165096 0.706994
    outer loop
      vertex -20.1818 -5.4077 25
      vertex -22.3935 -4.75988 23
      vertex -22.1137 -5.92534 23
    endloop
  endfacet
  facet normal -0.695386 -0.128855 0.70699
    outer loop
      vertex -20.6365 -3.2685 25
      vertex -22.6119 -3.58137 23
      vertex -20.4372 -4.34405 25
    endloop
  endfacet
  facet normal -0.701171 -0.0923249 0.70699
    outer loop
      vertex -20.7793 -2.18399 25
      vertex -22.6119 -3.58137 23
      vertex -20.6365 -3.2685 25
    endloop
  endfacet
  facet normal -0.705057 -0.0554735 0.706978
    outer loop
      vertex -20.8651 -1.09349 25
      vertex -22.7683 -2.39305 23
      vertex -20.7793 -2.18399 25
    endloop
  endfacet
  facet normal -0.706979 -0.0184909 0.706993
    outer loop
      vertex -20.8937 0 25
      vertex -22.8624 -1.19817 23
      vertex -20.8651 -1.09349 25
    endloop
  endfacet
  facet normal -0.706986 -0.0184687 0.706986
    outer loop
      vertex -20.8937 0 25
      vertex -22.8937 0 23
      vertex -22.8624 -1.19817 23
    endloop
  endfacet
  facet normal -0.705057 0.0554735 0.706978
    outer loop
      vertex -20.7793 2.18399 25
      vertex -22.7683 2.39305 23
      vertex -20.8651 1.09349 25
    endloop
  endfacet
  facet normal -0.705038 0.0555236 0.706992
    outer loop
      vertex -22.7683 2.39305 23
      vertex -22.8624 1.19817 23
      vertex -20.8651 1.09349 25
    endloop
  endfacet
  facet normal -0.687681 0.165123 0.706986
    outer loop
      vertex -20.1818 5.4077 25
      vertex -22.3935 4.75988 23
      vertex -20.4372 4.34405 25
    endloop
  endfacet
  facet normal -0.678085 0.200874 0.707001
    outer loop
      vertex -19.8711 6.45652 25
      vertex -21.7733 7.07456 23
      vertex -20.1818 5.4077 25
    endloop
  endfacet
  facet normal -0.304482 -0.638333 0.706981
    outer loop
      vertex -9.48556 -18.6165 25
      vertex -10.3935 -20.3985 23
      vertex -9.31173 -20.9145 23
    endloop
  endfacet
  facet normal -0.33744 -0.621541 0.70698
    outer loop
      vertex -9.48556 -18.6165 25
      vertex -11.4469 -19.8266 23
      vertex -10.3935 -20.3985 23
    endloop
  endfacet
  facet normal -0.236048 -0.666657 0.707001
    outer loop
      vertex -6.45652 -19.8711 25
      vertex -7.48765 -19.506 25
      vertex -7.07456 -21.7733 23
    endloop
  endfacet
  facet normal -0.304457 -0.638337 0.706988
    outer loop
      vertex -8.49825 -19.0874 25
      vertex -9.48556 -18.6165 25
      vertex -9.31173 -20.9145 23
    endloop
  endfacet
  facet normal -0.270641 -0.653393 0.706988
    outer loop
      vertex -8.49825 -19.0874 25
      vertex -9.31173 -20.9145 23
      vertex -7.48765 -19.506 25
    endloop
  endfacet
  facet normal -0.128868 -0.695387 0.706986
    outer loop
      vertex -4.34405 -20.4372 25
      vertex -4.75988 -22.3935 23
      vertex -3.58137 -22.6119 23
    endloop
  endfacet
  facet normal -0.43051 -0.561104 0.706982
    outer loop
      vertex -13.1489 -16.2375 25
      vertex -14.4075 -17.7918 23
      vertex -12.281 -16.9034 25
    endloop
  endfacet
  facet normal -0.400581 -0.582846 0.706984
    outer loop
      vertex -12.281 -16.9034 25
      vertex -13.4566 -18.5214 23
      vertex -12.4688 -19.2003 23
    endloop
  endfacet
  facet normal -0.400624 -0.582831 0.706971
    outer loop
      vertex -12.281 -16.9034 25
      vertex -12.4688 -19.2003 23
      vertex -11.3796 -17.523 25
    endloop
  endfacet
  facet normal -0.369566 -0.603001 0.706973
    outer loop
      vertex -11.3796 -17.523 25
      vertex -12.4688 -19.2003 23
      vertex -11.4469 -19.8266 23
    endloop
  endfacet
  facet normal 0.0184687 0.706986 0.706986
    outer loop
      vertex 0 22.8937 23
      vertex 0 20.8937 25
      vertex 1.19817 22.8624 23
    endloop
  endfacet
  facet normal -0.0184687 0.706986 0.706986
    outer loop
      vertex 0 22.8937 23
      vertex -1.19817 22.8624 23
      vertex 0 20.8937 25
    endloop
  endfacet
  facet normal 0.0554735 0.705057 0.706978
    outer loop
      vertex 2.39305 22.7683 23
      vertex 1.09349 20.8651 25
      vertex 2.18399 20.7793 25
    endloop
  endfacet
  facet normal 0.200874 0.678085 0.707001
    outer loop
      vertex 7.07456 21.7733 23
      vertex 5.4077 20.1818 25
      vertex 6.45652 19.8711 25
    endloop
  endfacet
  facet normal -0.200874 0.678085 0.707001
    outer loop
      vertex -5.4077 20.1818 25
      vertex -7.07456 21.7733 23
      vertex -6.45652 19.8711 25
    endloop
  endfacet
  facet normal -0.236048 0.666657 0.707001
    outer loop
      vertex -7.07456 21.7733 23
      vertex -7.48765 19.506 25
      vertex -6.45652 19.8711 25
    endloop
  endfacet
  facet normal 0.603021 0.369494 0.706993
    outer loop
      vertex 19.8266 11.4469 23
      vertex 17.523 11.3796 25
      vertex 18.0945 10.4469 25
    endloop
  endfacet
  facet normal 0.537756 0.459327 0.706992
    outer loop
      vertex 17.0134 15.3189 23
      vertex 15.5271 13.9806 25
      vertex 16.2375 13.1489 25
    endloop
  endfacet
  facet normal 0.513002 0.486818 0.706992
    outer loop
      vertex 17.0134 15.3189 23
      vertex 14.7741 14.7741 25
      vertex 15.5271 13.9806 25
    endloop
  endfacet
  facet normal 0.0555236 -0.705038 0.706992
    outer loop
      vertex 2.39305 -22.7683 23
      vertex 1.09349 -20.8651 25
      vertex 1.19817 -22.8624 23
    endloop
  endfacet
  facet normal 0.0184909 -0.706979 0.706993
    outer loop
      vertex 1.09349 -20.8651 25
      vertex 0 -20.8937 25
      vertex 1.19817 -22.8624 23
    endloop
  endfacet
  facet normal 0.0922864 -0.701188 0.706978
    outer loop
      vertex 3.58137 -22.6119 23
      vertex 2.18399 -20.7793 25
      vertex 2.39305 -22.7683 23
    endloop
  endfacet
  facet normal 0.0923249 -0.701171 0.70699
    outer loop
      vertex 3.2685 -20.6365 25
      vertex 2.18399 -20.7793 25
      vertex 3.58137 -22.6119 23
    endloop
  endfacet
  facet normal -0.0922864 -0.701188 0.706978
    outer loop
      vertex -2.18399 -20.7793 25
      vertex -3.58137 -22.6119 23
      vertex -2.39305 -22.7683 23
    endloop
  endfacet
  facet normal 0.236048 -0.666657 0.707001
    outer loop
      vertex 7.48765 -19.506 25
      vertex 6.45652 -19.8711 25
      vertex 7.07456 -21.7733 23
    endloop
  endfacet
  facet normal 0.165123 -0.687681 0.706986
    outer loop
      vertex 5.4077 -20.1818 25
      vertex 4.34405 -20.4372 25
      vertex 4.75988 -22.3935 23
    endloop
  endfacet
  facet normal 0.337474 -0.621508 0.706994
    outer loop
      vertex 10.4469 -18.0945 25
      vertex 9.48556 -18.6165 25
      vertex 11.4469 -19.8266 23
    endloop
  endfacet
  facet normal 0.369494 -0.603021 0.706993
    outer loop
      vertex 11.3796 -17.523 25
      vertex 10.4469 -18.0945 25
      vertex 11.4469 -19.8266 23
    endloop
  endfacet
  facet normal 0.537786 -0.459307 0.706982
    outer loop
      vertex 17.7918 -14.4075 23
      vertex 16.2375 -13.1489 25
      vertex 17.0134 -15.3189 23
    endloop
  endfacet
  facet normal 0.459307 -0.537786 0.706982
    outer loop
      vertex 15.3189 -17.0134 23
      vertex 13.1489 -16.2375 25
      vertex 14.4075 -17.7918 23
    endloop
  endfacet
  facet normal 0.678085 -0.200874 0.707001
    outer loop
      vertex 20.1818 -5.4077 25
      vertex 19.8711 -6.45652 25
      vertex 21.7733 -7.07456 23
    endloop
  endfacet
  facet normal 0.695386 -0.128855 0.70699
    outer loop
      vertex 20.6365 -3.2685 25
      vertex 20.4372 -4.34405 25
      vertex 22.6119 -3.58137 23
    endloop
  endfacet
  facet normal -0.653393 -0.270641 0.706988
    outer loop
      vertex -19.506 -7.48765 25
      vertex -20.9145 -9.31173 23
      vertex -19.0874 -8.49825 25
    endloop
  endfacet
  facet normal -0.638337 -0.304457 0.706988
    outer loop
      vertex -19.0874 -8.49825 25
      vertex -20.9145 -9.31173 23
      vertex -18.6165 -9.48556 25
    endloop
  endfacet
  facet normal -0.603001 -0.369566 0.706973
    outer loop
      vertex -17.523 -11.3796 25
      vertex -19.8266 -11.4469 23
      vertex -19.2003 -12.4688 23
    endloop
  endfacet
  facet normal -0.561104 -0.43051 0.706982
    outer loop
      vertex -16.9034 -12.281 25
      vertex -17.7918 -14.4075 23
      vertex -16.2375 -13.1489 25
    endloop
  endfacet
  facet normal -0.537756 -0.459327 0.706992
    outer loop
      vertex -16.2375 -13.1489 25
      vertex -17.0134 -15.3189 23
      vertex -15.5271 -13.9806 25
    endloop
  endfacet
  facet normal -0.513002 -0.486818 0.706992
    outer loop
      vertex -15.5271 -13.9806 25
      vertex -17.0134 -15.3189 23
      vertex -14.7741 -14.7741 25
    endloop
  endfacet
  facet normal -0.678098 0.200853 0.706994
    outer loop
      vertex -21.7733 7.07456 23
      vertex -22.1137 5.92534 23
      vertex -20.1818 5.4077 25
    endloop
  endfacet
  facet normal -0.687679 0.165096 0.706994
    outer loop
      vertex -22.1137 5.92534 23
      vertex -22.3935 4.75988 23
      vertex -20.1818 5.4077 25
    endloop
  endfacet
  facet normal -0.236079 -0.666655 0.706992
    outer loop
      vertex -7.48765 -19.506 25
      vertex -8.20439 -21.3732 23
      vertex -7.07456 -21.7733 23
    endloop
  endfacet
  facet normal -0.200853 -0.678098 0.706994
    outer loop
      vertex -5.4077 -20.1818 25
      vertex -7.07456 -21.7733 23
      vertex -5.92534 -22.1137 23
    endloop
  endfacet
  facet normal -0.165123 -0.687681 0.706986
    outer loop
      vertex -4.34405 -20.4372 25
      vertex -5.4077 -20.1818 25
      vertex -4.75988 -22.3935 23
    endloop
  endfacet
  facet normal -0.165096 -0.687679 0.706994
    outer loop
      vertex -5.4077 -20.1818 25
      vertex -5.92534 -22.1137 23
      vertex -4.75988 -22.3935 23
    endloop
  endfacet
  facet normal -0.459327 -0.537756 0.706992
    outer loop
      vertex -13.9806 -15.5271 25
      vertex -15.3189 -17.0134 23
      vertex -13.1489 -16.2375 25
    endloop
  endfacet
  facet normal -0.369494 -0.603021 0.706993
    outer loop
      vertex -11.3796 -17.523 25
      vertex -11.4469 -19.8266 23
      vertex -10.4469 -18.0945 25
    endloop
  endfacet
  facet normal -0.0554735 -0.705057 0.706978
    outer loop
      vertex -2.18399 -20.7793 25
      vertex -2.39305 -22.7683 23
      vertex -1.09349 -20.8651 25
    endloop
  endfacet
  facet normal -0.0184687 -0.706986 0.706986
    outer loop
      vertex 0 -20.8937 25
      vertex -1.19817 -22.8624 23
      vertex 0 -22.8937 23
    endloop
  endfacet
  facet normal -0.128855 -0.695386 0.70699
    outer loop
      vertex -3.2685 -20.6365 25
      vertex -4.34405 -20.4372 25
      vertex -3.58137 -22.6119 23
    endloop
  endfacet
  facet normal 0.561097 -0.430515 0.706984
    outer loop
      vertex 18.5214 -13.4566 23
      vertex 16.9034 -12.281 25
      vertex 17.7918 -14.4075 23
    endloop
  endfacet
  facet normal 0.513002 -0.486818 0.706992
    outer loop
      vertex 15.5271 -13.9806 25
      vertex 14.7741 -14.7741 25
      vertex 17.0134 -15.3189 23
    endloop
  endfacet
  facet normal 0.512987 -0.486847 0.706983
    outer loop
      vertex 17.0134 -15.3189 23
      vertex 14.7741 -14.7741 25
      vertex 16.1883 -16.1883 23
    endloop
  endfacet
  facet normal 0.459327 -0.537756 0.706992
    outer loop
      vertex 13.9806 -15.5271 25
      vertex 13.1489 -16.2375 25
      vertex 15.3189 -17.0134 23
    endloop
  endfacet
  facet normal 0.486818 -0.513002 0.706992
    outer loop
      vertex 14.7741 -14.7741 25
      vertex 13.9806 -15.5271 25
      vertex 15.3189 -17.0134 23
    endloop
  endfacet
  facet normal 0.582831 -0.400624 0.706971
    outer loop
      vertex 17.523 -11.3796 25
      vertex 16.9034 -12.281 25
      vertex 19.2003 -12.4688 23
    endloop
  endfacet
  facet normal 0.638333 -0.304482 0.706981
    outer loop
      vertex 20.9145 -9.31173 23
      vertex 18.6165 -9.48556 25
      vertex 20.3985 -10.3935 23
    endloop
  endfacet
  facet normal 0.621541 -0.33744 0.70698
    outer loop
      vertex 20.3985 -10.3935 23
      vertex 18.6165 -9.48556 25
      vertex 19.8266 -11.4469 23
    endloop
  endfacet
  facet normal 0.638337 -0.304457 0.706988
    outer loop
      vertex 19.0874 -8.49825 25
      vertex 18.6165 -9.48556 25
      vertex 20.9145 -9.31173 23
    endloop
  endfacet
  facet normal 0.653393 -0.270641 0.706988
    outer loop
      vertex 19.506 -7.48765 25
      vertex 19.0874 -8.49825 25
      vertex 20.9145 -9.31173 23
    endloop
  endfacet
  facet normal 0.705057 -0.0554735 0.706978
    outer loop
      vertex 20.8651 -1.09349 25
      vertex 20.7793 -2.18399 25
      vertex 22.7683 -2.39305 23
    endloop
  endfacet
  facet normal -0.621508 -0.337474 0.706994
    outer loop
      vertex -18.6165 -9.48556 25
      vertex -19.8266 -11.4469 23
      vertex -18.0945 -10.4469 25
    endloop
  endfacet
  facet normal -0.603021 -0.369494 0.706993
    outer loop
      vertex -18.0945 -10.4469 25
      vertex -19.8266 -11.4469 23
      vertex -17.523 -11.3796 25
    endloop
  endfacet
  facet normal -0.621541 -0.33744 0.70698
    outer loop
      vertex -18.6165 -9.48556 25
      vertex -20.3985 -10.3935 23
      vertex -19.8266 -11.4469 23
    endloop
  endfacet
  facet normal -0.200874 -0.678085 0.707001
    outer loop
      vertex -6.45652 -19.8711 25
      vertex -7.07456 -21.7733 23
      vertex -5.4077 -20.1818 25
    endloop
  endfacet
  facet normal -0.0184909 -0.706979 0.706993
    outer loop
      vertex -1.09349 -20.8651 25
      vertex -1.19817 -22.8624 23
      vertex 0 -20.8937 25
    endloop
  endfacet
  facet normal -0.0555236 -0.705038 0.706992
    outer loop
      vertex -1.09349 -20.8651 25
      vertex -2.39305 -22.7683 23
      vertex -1.19817 -22.8624 23
    endloop
  endfacet
  facet normal 0.537756 -0.459327 0.706992
    outer loop
      vertex 16.2375 -13.1489 25
      vertex 15.5271 -13.9806 25
      vertex 17.0134 -15.3189 23
    endloop
  endfacet
  facet normal 0.603021 -0.369494 0.706993
    outer loop
      vertex 18.0945 -10.4469 25
      vertex 17.523 -11.3796 25
      vertex 19.8266 -11.4469 23
    endloop
  endfacet
  facet normal 0.701171 -0.0923249 0.70699
    outer loop
      vertex 20.7793 -2.18399 25
      vertex 20.6365 -3.2685 25
      vertex 22.6119 -3.58137 23
    endloop
  endfacet
  facet normal 0.705038 -0.0555236 0.706992
    outer loop
      vertex 22.8624 -1.19817 23
      vertex 20.8651 -1.09349 25
      vertex 22.7683 -2.39305 23
    endloop
  endfacet
  facet normal 0.706979 -0.0184909 0.706993
    outer loop
      vertex 20.8937 0 25
      vertex 20.8651 -1.09349 25
      vertex 22.8624 -1.19817 23
    endloop
  endfacet
  facet normal -0.991448 -0.130499 0
    outer loop
      vertex 19.2875 2.0272 3.5
      vertex 19.155 3.03385 25
      vertex 19.155 3.03385 3.5
    endloop
  endfacet
  facet normal -0.991448 -0.130499 0
    outer loop
      vertex 19.155 3.03385 25
      vertex 19.2875 2.0272 3.5
      vertex 19.2875 2.0272 25
    endloop
  endfacet
  facet normal -0.688348 -0.72538 0
    outer loop
      vertex 12.977 14.4124 3.5
      vertex 13.7135 13.7135 25
      vertex 12.977 14.4124 25
    endloop
  endfacet
  facet normal -0.688348 -0.72538 -0
    outer loop
      vertex 13.7135 13.7135 25
      vertex 12.977 14.4124 3.5
      vertex 13.7135 13.7135 3.5
    endloop
  endfacet
  facet normal -0.902591 -0.430499 0
    outer loop
      vertex 17.7171 7.88815 3.5
      vertex 17.28 8.80458 25
      vertex 17.28 8.80458 3.5
    endloop
  endfacet
  facet normal -0.902591 -0.430499 0
    outer loop
      vertex 17.28 8.80458 25
      vertex 17.7171 7.88815 3.5
      vertex 17.7171 7.88815 25
    endloop
  endfacet
  facet normal -0.0260997 -0.999659 0
    outer loop
      vertex 0 19.3937 3.5
      vertex 1.01499 19.3672 25
      vertex 0 19.3937 25
    endloop
  endfacet
  facet normal -0.0260997 -0.999659 -0
    outer loop
      vertex 1.01499 19.3672 25
      vertex 0 19.3937 3.5
      vertex 1.01499 19.3672 3.5
    endloop
  endfacet
  facet normal -0.430499 -0.902591 0
    outer loop
      vertex 7.88815 17.7171 3.5
      vertex 8.80458 17.28 25
      vertex 7.88815 17.7171 25
    endloop
  endfacet
  facet normal -0.430499 -0.902591 -0
    outer loop
      vertex 8.80458 17.28 25
      vertex 7.88815 17.7171 3.5
      vertex 8.80458 17.28 3.5
    endloop
  endfacet
  facet normal 0.878806 -0.477179 0
    outer loop
      vertex -17.28 8.80458 25
      vertex -16.7955 9.69687 3.5
      vertex -16.7955 9.69687 25
    endloop
  endfacet
  facet normal 0.878806 -0.477179 0
    outer loop
      vertex -16.7955 9.69687 3.5
      vertex -17.28 8.80458 25
      vertex -17.28 8.80458 3.5
    endloop
  endfacet
  facet normal 0.996914 -0.0784957 0
    outer loop
      vertex -19.3672 1.01499 25
      vertex -19.2875 2.0272 3.5
      vertex -19.2875 2.0272 25
    endloop
  endfacet
  facet normal 0.996914 -0.0784957 0
    outer loop
      vertex -19.2875 2.0272 3.5
      vertex -19.3672 1.01499 25
      vertex -19.3672 1.01499 3.5
    endloop
  endfacet
  facet normal 0.688348 -0.72538 0
    outer loop
      vertex -13.7135 13.7135 3.5
      vertex -12.977 14.4124 25
      vertex -13.7135 13.7135 25
    endloop
  endfacet
  facet normal 0.688348 -0.72538 0
    outer loop
      vertex -12.977 14.4124 25
      vertex -13.7135 13.7135 3.5
      vertex -12.977 14.4124 3.5
    endloop
  endfacet
  facet normal 0.923898 0.382639 0
    outer loop
      vertex -17.7171 -7.88815 25
      vertex -18.1056 -6.9501 3.5
      vertex -18.1056 -6.9501 25
    endloop
  endfacet
  facet normal 0.923898 0.382639 0
    outer loop
      vertex -18.1056 -6.9501 3.5
      vertex -17.7171 -7.88815 25
      vertex -17.7171 -7.88815 3.5
    endloop
  endfacet
  facet normal -0.983243 -0.182301 0
    outer loop
      vertex 19.155 3.03385 3.5
      vertex 18.9699 4.03219 25
      vertex 18.9699 4.03219 3.5
    endloop
  endfacet
  facet normal -0.983243 -0.182301 0
    outer loop
      vertex 18.9699 4.03219 25
      vertex 19.155 3.03385 3.5
      vertex 19.155 3.03385 25
    endloop
  endfacet
  facet normal -0.760423 -0.649428 0
    outer loop
      vertex 15.0718 12.2049 3.5
      vertex 14.4124 12.977 25
      vertex 14.4124 12.977 3.5
    endloop
  endfacet
  facet normal -0.760423 -0.649428 0
    outer loop
      vertex 14.4124 12.977 25
      vertex 15.0718 12.2049 3.5
      vertex 15.0718 12.2049 25
    endloop
  endfacet
  facet normal -0.852649 -0.522484 0
    outer loop
      vertex 16.7955 9.69687 3.5
      vertex 16.265 10.5626 25
      vertex 16.265 10.5626 3.5
    endloop
  endfacet
  facet normal -0.852649 -0.522484 0
    outer loop
      vertex 16.265 10.5626 25
      vertex 16.7955 9.69687 3.5
      vertex 16.7955 9.69687 25
    endloop
  endfacet
  facet normal -0.182301 -0.983243 0
    outer loop
      vertex 3.03385 19.155 3.5
      vertex 4.03219 18.9699 25
      vertex 3.03385 19.155 25
    endloop
  endfacet
  facet normal -0.182301 -0.983243 -0
    outer loop
      vertex 4.03219 18.9699 25
      vertex 3.03385 19.155 3.5
      vertex 4.03219 18.9699 3.5
    endloop
  endfacet
  facet normal -0.0784957 -0.996914 0
    outer loop
      vertex 1.01499 19.3672 3.5
      vertex 2.0272 19.2875 25
      vertex 1.01499 19.3672 25
    endloop
  endfacet
  facet normal -0.0784957 -0.996914 -0
    outer loop
      vertex 2.0272 19.2875 25
      vertex 1.01499 19.3672 3.5
      vertex 2.0272 19.2875 3.5
    endloop
  endfacet
  facet normal -0.608773 -0.793345 0
    outer loop
      vertex 11.3994 15.6899 3.5
      vertex 12.2049 15.0718 25
      vertex 11.3994 15.6899 25
    endloop
  endfacet
  facet normal -0.608773 -0.793345 -0
    outer loop
      vertex 12.2049 15.0718 25
      vertex 11.3994 15.6899 3.5
      vertex 12.2049 15.0718 3.5
    endloop
  endfacet
  facet normal -0.477179 -0.878806 0
    outer loop
      vertex 8.80458 17.28 3.5
      vertex 9.69687 16.7955 25
      vertex 8.80458 17.28 25
    endloop
  endfacet
  facet normal -0.477179 -0.878806 -0
    outer loop
      vertex 9.69687 16.7955 25
      vertex 8.80458 17.28 3.5
      vertex 9.69687 16.7955 3.5
    endloop
  endfacet
  facet normal 0.983243 -0.182301 0
    outer loop
      vertex -19.155 3.03385 25
      vertex -18.9699 4.03219 3.5
      vertex -18.9699 4.03219 25
    endloop
  endfacet
  facet normal 0.983243 -0.182301 0
    outer loop
      vertex -18.9699 4.03219 3.5
      vertex -19.155 3.03385 25
      vertex -19.155 3.03385 3.5
    endloop
  endfacet
  facet normal 0.608773 -0.793345 0
    outer loop
      vertex -12.2049 15.0718 3.5
      vertex -11.3994 15.6899 25
      vertex -12.2049 15.0718 25
    endloop
  endfacet
  facet normal 0.608773 -0.793345 0
    outer loop
      vertex -11.3994 15.6899 25
      vertex -12.2049 15.0718 3.5
      vertex -11.3994 15.6899 3.5
    endloop
  endfacet
  facet normal 0.130499 -0.991448 0
    outer loop
      vertex -3.03385 19.155 3.5
      vertex -2.0272 19.2875 25
      vertex -3.03385 19.155 25
    endloop
  endfacet
  facet normal 0.130499 -0.991448 0
    outer loop
      vertex -2.0272 19.2875 25
      vertex -3.03385 19.155 3.5
      vertex -2.0272 19.2875 3.5
    endloop
  endfacet
  facet normal 0.333871 -0.942619 0
    outer loop
      vertex -6.9501 18.1056 3.5
      vertex -5.993 18.4446 25
      vertex -6.9501 18.1056 25
    endloop
  endfacet
  facet normal 0.333871 -0.942619 0
    outer loop
      vertex -5.993 18.4446 25
      vertex -6.9501 18.1056 3.5
      vertex -5.993 18.4446 3.5
    endloop
  endfacet
  facet normal -0.999659 0.0260997 0
    outer loop
      vertex 19.3672 -1.01499 3.5
      vertex 19.3937 0 25
      vertex 19.3937 0 3.5
    endloop
  endfacet
  facet normal -0.999659 0.0260997 0
    outer loop
      vertex 19.3937 0 25
      vertex 19.3672 -1.01499 3.5
      vertex 19.3672 -1.01499 25
    endloop
  endfacet
  facet normal 0.0260997 0.999659 -0
    outer loop
      vertex 0 -19.3937 3.5
      vertex -1.01499 -19.3672 25
      vertex 0 -19.3937 25
    endloop
  endfacet
  facet normal 0.0260997 0.999659 0
    outer loop
      vertex -1.01499 -19.3672 25
      vertex 0 -19.3937 3.5
      vertex -1.01499 -19.3672 3.5
    endloop
  endfacet
  facet normal -0.382639 0.923898 0
    outer loop
      vertex 7.88815 -17.7171 3.5
      vertex 6.9501 -18.1056 25
      vertex 7.88815 -17.7171 25
    endloop
  endfacet
  facet normal -0.382639 0.923898 0
    outer loop
      vertex 6.9501 -18.1056 25
      vertex 7.88815 -17.7171 3.5
      vertex 6.9501 -18.1056 3.5
    endloop
  endfacet
  facet normal -0.942619 0.333871 0
    outer loop
      vertex 18.1056 -6.9501 3.5
      vertex 18.4446 -5.993 25
      vertex 18.4446 -5.993 3.5
    endloop
  endfacet
  facet normal -0.942619 0.333871 0
    outer loop
      vertex 18.4446 -5.993 25
      vertex 18.1056 -6.9501 3.5
      vertex 18.1056 -6.9501 25
    endloop
  endfacet
  facet normal -0.972375 -0.233422 0
    outer loop
      vertex 18.9699 4.03219 3.5
      vertex 18.7329 5.01947 25
      vertex 18.7329 5.01947 3.5
    endloop
  endfacet
  facet normal -0.972375 -0.233422 0
    outer loop
      vertex 18.7329 5.01947 25
      vertex 18.9699 4.03219 3.5
      vertex 18.9699 4.03219 25
    endloop
  endfacet
  facet normal -0.958839 -0.283949 0
    outer loop
      vertex 18.7329 5.01947 3.5
      vertex 18.4446 5.993 25
      vertex 18.4446 5.993 3.5
    endloop
  endfacet
  facet normal -0.958839 -0.283949 0
    outer loop
      vertex 18.4446 5.993 25
      vertex 18.7329 5.01947 3.5
      vertex 18.7329 5.01947 25
    endloop
  endfacet
  facet normal -0.923898 -0.382639 0
    outer loop
      vertex 18.1056 6.9501 3.5
      vertex 17.7171 7.88815 25
      vertex 17.7171 7.88815 3.5
    endloop
  endfacet
  facet normal -0.923898 -0.382639 0
    outer loop
      vertex 17.7171 7.88815 25
      vertex 18.1056 6.9501 3.5
      vertex 18.1056 6.9501 25
    endloop
  endfacet
  facet normal -0.942619 -0.333871 0
    outer loop
      vertex 18.4446 5.993 3.5
      vertex 18.1056 6.9501 25
      vertex 18.1056 6.9501 3.5
    endloop
  endfacet
  facet normal -0.942619 -0.333871 0
    outer loop
      vertex 18.1056 6.9501 25
      vertex 18.4446 5.993 3.5
      vertex 18.4446 5.993 25
    endloop
  endfacet
  facet normal -0.793345 -0.608773 0
    outer loop
      vertex 15.6899 11.3994 3.5
      vertex 15.0718 12.2049 25
      vertex 15.0718 12.2049 3.5
    endloop
  endfacet
  facet normal -0.793345 -0.608773 0
    outer loop
      vertex 15.0718 12.2049 25
      vertex 15.6899 11.3994 3.5
      vertex 15.6899 11.3994 25
    endloop
  endfacet
  facet normal -0.878806 -0.477179 0
    outer loop
      vertex 17.28 8.80458 3.5
      vertex 16.7955 9.69687 25
      vertex 16.7955 9.69687 3.5
    endloop
  endfacet
  facet normal -0.878806 -0.477179 0
    outer loop
      vertex 16.7955 9.69687 25
      vertex 17.28 8.80458 3.5
      vertex 17.28 8.80458 25
    endloop
  endfacet
  facet normal 0.0260997 -0.999659 0
    outer loop
      vertex -1.01499 19.3672 3.5
      vertex 0 19.3937 25
      vertex -1.01499 19.3672 25
    endloop
  endfacet
  facet normal 0.0260997 -0.999659 0
    outer loop
      vertex 0 19.3937 25
      vertex -1.01499 19.3672 3.5
      vertex 0 19.3937 3.5
    endloop
  endfacet
  facet normal -0.283949 -0.958839 0
    outer loop
      vertex 5.01947 18.7329 3.5
      vertex 5.993 18.4446 25
      vertex 5.01947 18.7329 25
    endloop
  endfacet
  facet normal -0.283949 -0.958839 -0
    outer loop
      vertex 5.993 18.4446 25
      vertex 5.01947 18.7329 3.5
      vertex 5.993 18.4446 3.5
    endloop
  endfacet
  facet normal -0.233422 -0.972375 0
    outer loop
      vertex 4.03219 18.9699 3.5
      vertex 5.01947 18.7329 25
      vertex 4.03219 18.9699 25
    endloop
  endfacet
  facet normal -0.233422 -0.972375 -0
    outer loop
      vertex 5.01947 18.7329 25
      vertex 4.03219 18.9699 3.5
      vertex 5.01947 18.7329 3.5
    endloop
  endfacet
  facet normal -0.130499 -0.991448 0
    outer loop
      vertex 2.0272 19.2875 3.5
      vertex 3.03385 19.155 25
      vertex 2.0272 19.2875 25
    endloop
  endfacet
  facet normal -0.130499 -0.991448 -0
    outer loop
      vertex 3.03385 19.155 25
      vertex 2.0272 19.2875 3.5
      vertex 3.03385 19.155 3.5
    endloop
  endfacet
  facet normal -0.382639 -0.923898 0
    outer loop
      vertex 6.9501 18.1056 3.5
      vertex 7.88815 17.7171 25
      vertex 6.9501 18.1056 25
    endloop
  endfacet
  facet normal -0.382639 -0.923898 -0
    outer loop
      vertex 7.88815 17.7171 25
      vertex 6.9501 18.1056 3.5
      vertex 7.88815 17.7171 3.5
    endloop
  endfacet
  facet normal -0.566395 -0.824134 0
    outer loop
      vertex 10.5626 16.265 3.5
      vertex 11.3994 15.6899 25
      vertex 10.5626 16.265 25
    endloop
  endfacet
  facet normal -0.566395 -0.824134 -0
    outer loop
      vertex 11.3994 15.6899 25
      vertex 10.5626 16.265 3.5
      vertex 11.3994 15.6899 3.5
    endloop
  endfacet
  facet normal -0.649428 -0.760423 0
    outer loop
      vertex 12.2049 15.0718 3.5
      vertex 12.977 14.4124 25
      vertex 12.2049 15.0718 25
    endloop
  endfacet
  facet normal -0.649428 -0.760423 -0
    outer loop
      vertex 12.977 14.4124 25
      vertex 12.2049 15.0718 3.5
      vertex 12.977 14.4124 3.5
    endloop
  endfacet
  facet normal -0.522484 -0.852649 0
    outer loop
      vertex 9.69687 16.7955 3.5
      vertex 10.5626 16.265 25
      vertex 9.69687 16.7955 25
    endloop
  endfacet
  facet normal -0.522484 -0.852649 -0
    outer loop
      vertex 10.5626 16.265 25
      vertex 9.69687 16.7955 3.5
      vertex 10.5626 16.265 3.5
    endloop
  endfacet
  facet normal 0.999659 -0.0260997 0
    outer loop
      vertex -19.3937 0 25
      vertex -19.3672 1.01499 3.5
      vertex -19.3672 1.01499 25
    endloop
  endfacet
  facet normal 0.999659 -0.0260997 0
    outer loop
      vertex -19.3672 1.01499 3.5
      vertex -19.3937 0 25
      vertex -19.3937 0 3.5
    endloop
  endfacet
  facet normal 0.760423 -0.649428 0
    outer loop
      vertex -15.0718 12.2049 25
      vertex -14.4124 12.977 3.5
      vertex -14.4124 12.977 25
    endloop
  endfacet
  facet normal 0.760423 -0.649428 0
    outer loop
      vertex -14.4124 12.977 3.5
      vertex -15.0718 12.2049 25
      vertex -15.0718 12.2049 3.5
    endloop
  endfacet
  facet normal 0.923898 -0.382639 0
    outer loop
      vertex -18.1056 6.9501 25
      vertex -17.7171 7.88815 3.5
      vertex -17.7171 7.88815 25
    endloop
  endfacet
  facet normal 0.923898 -0.382639 0
    outer loop
      vertex -17.7171 7.88815 3.5
      vertex -18.1056 6.9501 25
      vertex -18.1056 6.9501 3.5
    endloop
  endfacet
  facet normal 0.942619 -0.333871 0
    outer loop
      vertex -18.4446 5.993 25
      vertex -18.1056 6.9501 3.5
      vertex -18.1056 6.9501 25
    endloop
  endfacet
  facet normal 0.942619 -0.333871 0
    outer loop
      vertex -18.1056 6.9501 3.5
      vertex -18.4446 5.993 25
      vertex -18.4446 5.993 3.5
    endloop
  endfacet
  facet normal 0.991448 -0.130499 0
    outer loop
      vertex -19.2875 2.0272 25
      vertex -19.155 3.03385 3.5
      vertex -19.155 3.03385 25
    endloop
  endfacet
  facet normal 0.991448 -0.130499 0
    outer loop
      vertex -19.155 3.03385 3.5
      vertex -19.2875 2.0272 25
      vertex -19.2875 2.0272 3.5
    endloop
  endfacet
  facet normal 0.958839 -0.283949 0
    outer loop
      vertex -18.7329 5.01947 25
      vertex -18.4446 5.993 3.5
      vertex -18.4446 5.993 25
    endloop
  endfacet
  facet normal 0.958839 -0.283949 0
    outer loop
      vertex -18.4446 5.993 3.5
      vertex -18.7329 5.01947 25
      vertex -18.7329 5.01947 3.5
    endloop
  endfacet
  facet normal 0.972375 -0.233422 0
    outer loop
      vertex -18.9699 4.03219 25
      vertex -18.7329 5.01947 3.5
      vertex -18.7329 5.01947 25
    endloop
  endfacet
  facet normal 0.972375 -0.233422 0
    outer loop
      vertex -18.7329 5.01947 3.5
      vertex -18.9699 4.03219 25
      vertex -18.9699 4.03219 3.5
    endloop
  endfacet
  facet normal 0.72538 -0.688348 0
    outer loop
      vertex -14.4124 12.977 25
      vertex -13.7135 13.7135 3.5
      vertex -13.7135 13.7135 25
    endloop
  endfacet
  facet normal 0.72538 -0.688348 0
    outer loop
      vertex -13.7135 13.7135 3.5
      vertex -14.4124 12.977 25
      vertex -14.4124 12.977 3.5
    endloop
  endfacet
  facet normal 0.649428 -0.760423 0
    outer loop
      vertex -12.977 14.4124 3.5
      vertex -12.2049 15.0718 25
      vertex -12.977 14.4124 25
    endloop
  endfacet
  facet normal 0.649428 -0.760423 0
    outer loop
      vertex -12.2049 15.0718 25
      vertex -12.977 14.4124 3.5
      vertex -12.2049 15.0718 3.5
    endloop
  endfacet
  facet normal 0.522484 -0.852649 0
    outer loop
      vertex -10.5626 16.265 3.5
      vertex -9.69687 16.7955 25
      vertex -10.5626 16.265 25
    endloop
  endfacet
  facet normal 0.522484 -0.852649 0
    outer loop
      vertex -9.69687 16.7955 25
      vertex -10.5626 16.265 3.5
      vertex -9.69687 16.7955 3.5
    endloop
  endfacet
  facet normal 0.566395 -0.824134 0
    outer loop
      vertex -11.3994 15.6899 3.5
      vertex -10.5626 16.265 25
      vertex -11.3994 15.6899 25
    endloop
  endfacet
  facet normal 0.566395 -0.824134 0
    outer loop
      vertex -10.5626 16.265 25
      vertex -11.3994 15.6899 3.5
      vertex -10.5626 16.265 3.5
    endloop
  endfacet
  facet normal 0.430499 -0.902591 0
    outer loop
      vertex -8.80458 17.28 3.5
      vertex -7.88815 17.7171 25
      vertex -8.80458 17.28 25
    endloop
  endfacet
  facet normal 0.430499 -0.902591 0
    outer loop
      vertex -7.88815 17.7171 25
      vertex -8.80458 17.28 3.5
      vertex -7.88815 17.7171 3.5
    endloop
  endfacet
  facet normal 0.283949 -0.958839 0
    outer loop
      vertex -5.993 18.4446 3.5
      vertex -5.01947 18.7329 25
      vertex -5.993 18.4446 25
    endloop
  endfacet
  facet normal 0.283949 -0.958839 0
    outer loop
      vertex -5.01947 18.7329 25
      vertex -5.993 18.4446 3.5
      vertex -5.01947 18.7329 3.5
    endloop
  endfacet
  facet normal 0.182301 -0.983243 0
    outer loop
      vertex -4.03219 18.9699 3.5
      vertex -3.03385 19.155 25
      vertex -4.03219 18.9699 25
    endloop
  endfacet
  facet normal 0.182301 -0.983243 0
    outer loop
      vertex -3.03385 19.155 25
      vertex -4.03219 18.9699 3.5
      vertex -3.03385 19.155 3.5
    endloop
  endfacet
  facet normal 0.0784957 -0.996914 0
    outer loop
      vertex -2.0272 19.2875 3.5
      vertex -1.01499 19.3672 25
      vertex -2.0272 19.2875 25
    endloop
  endfacet
  facet normal 0.0784957 -0.996914 0
    outer loop
      vertex -1.01499 19.3672 25
      vertex -2.0272 19.2875 3.5
      vertex -1.01499 19.3672 3.5
    endloop
  endfacet
  facet normal 0.233422 -0.972375 0
    outer loop
      vertex -5.01947 18.7329 3.5
      vertex -4.03219 18.9699 25
      vertex -5.01947 18.7329 25
    endloop
  endfacet
  facet normal 0.233422 -0.972375 0
    outer loop
      vertex -4.03219 18.9699 25
      vertex -5.01947 18.7329 3.5
      vertex -4.03219 18.9699 3.5
    endloop
  endfacet
  facet normal -0.999659 -0.0260997 0
    outer loop
      vertex 19.3937 0 3.5
      vertex 19.3672 1.01499 25
      vertex 19.3672 1.01499 3.5
    endloop
  endfacet
  facet normal -0.999659 -0.0260997 0
    outer loop
      vertex 19.3672 1.01499 25
      vertex 19.3937 0 3.5
      vertex 19.3937 0 25
    endloop
  endfacet
  facet normal -0.972375 0.233422 0
    outer loop
      vertex 18.7329 -5.01947 3.5
      vertex 18.9699 -4.03219 25
      vertex 18.9699 -4.03219 3.5
    endloop
  endfacet
  facet normal -0.972375 0.233422 0
    outer loop
      vertex 18.9699 -4.03219 25
      vertex 18.7329 -5.01947 3.5
      vertex 18.7329 -5.01947 25
    endloop
  endfacet
  facet normal -0.996914 0.0784957 0
    outer loop
      vertex 19.2875 -2.0272 3.5
      vertex 19.3672 -1.01499 25
      vertex 19.3672 -1.01499 3.5
    endloop
  endfacet
  facet normal -0.996914 0.0784957 0
    outer loop
      vertex 19.3672 -1.01499 25
      vertex 19.2875 -2.0272 3.5
      vertex 19.2875 -2.0272 25
    endloop
  endfacet
  facet normal 0.72538 0.688348 0
    outer loop
      vertex -13.7135 -13.7135 25
      vertex -14.4124 -12.977 3.5
      vertex -14.4124 -12.977 25
    endloop
  endfacet
  facet normal 0.72538 0.688348 0
    outer loop
      vertex -14.4124 -12.977 3.5
      vertex -13.7135 -13.7135 25
      vertex -13.7135 -13.7135 3.5
    endloop
  endfacet
  facet normal -0.0784957 0.996914 0
    outer loop
      vertex 2.0272 -19.2875 3.5
      vertex 1.01499 -19.3672 25
      vertex 2.0272 -19.2875 25
    endloop
  endfacet
  facet normal -0.0784957 0.996914 0
    outer loop
      vertex 1.01499 -19.3672 25
      vertex 2.0272 -19.2875 3.5
      vertex 1.01499 -19.3672 3.5
    endloop
  endfacet
  facet normal -0.522484 0.852649 0
    outer loop
      vertex 10.5626 -16.265 3.5
      vertex 9.69687 -16.7955 25
      vertex 10.5626 -16.265 25
    endloop
  endfacet
  facet normal -0.522484 0.852649 0
    outer loop
      vertex 9.69687 -16.7955 25
      vertex 10.5626 -16.265 3.5
      vertex 9.69687 -16.7955 3.5
    endloop
  endfacet
  facet normal -0.430499 0.902591 0
    outer loop
      vertex 8.80458 -17.28 3.5
      vertex 7.88815 -17.7171 25
      vertex 8.80458 -17.28 25
    endloop
  endfacet
  facet normal -0.430499 0.902591 0
    outer loop
      vertex 7.88815 -17.7171 25
      vertex 8.80458 -17.28 3.5
      vertex 7.88815 -17.7171 3.5
    endloop
  endfacet
  facet normal -0.878806 0.477179 0
    outer loop
      vertex 16.7955 -9.69687 3.5
      vertex 17.28 -8.80458 25
      vertex 17.28 -8.80458 3.5
    endloop
  endfacet
  facet normal -0.878806 0.477179 0
    outer loop
      vertex 17.28 -8.80458 25
      vertex 16.7955 -9.69687 3.5
      vertex 16.7955 -9.69687 25
    endloop
  endfacet
  facet normal -0.902591 0.430499 0
    outer loop
      vertex 17.28 -8.80458 3.5
      vertex 17.7171 -7.88815 25
      vertex 17.7171 -7.88815 3.5
    endloop
  endfacet
  facet normal -0.902591 0.430499 0
    outer loop
      vertex 17.7171 -7.88815 25
      vertex 17.28 -8.80458 3.5
      vertex 17.28 -8.80458 25
    endloop
  endfacet
  facet normal -0.996914 -0.0784957 0
    outer loop
      vertex 19.3672 1.01499 3.5
      vertex 19.2875 2.0272 25
      vertex 19.2875 2.0272 3.5
    endloop
  endfacet
  facet normal -0.996914 -0.0784957 0
    outer loop
      vertex 19.2875 2.0272 25
      vertex 19.3672 1.01499 3.5
      vertex 19.3672 1.01499 25
    endloop
  endfacet
  facet normal -0.72538 -0.688348 0
    outer loop
      vertex 14.4124 12.977 3.5
      vertex 13.7135 13.7135 25
      vertex 13.7135 13.7135 3.5
    endloop
  endfacet
  facet normal -0.72538 -0.688348 0
    outer loop
      vertex 13.7135 13.7135 25
      vertex 14.4124 12.977 3.5
      vertex 14.4124 12.977 25
    endloop
  endfacet
  facet normal -0.824134 -0.566395 0
    outer loop
      vertex 16.265 10.5626 3.5
      vertex 15.6899 11.3994 25
      vertex 15.6899 11.3994 3.5
    endloop
  endfacet
  facet normal -0.824134 -0.566395 0
    outer loop
      vertex 15.6899 11.3994 25
      vertex 16.265 10.5626 3.5
      vertex 16.265 10.5626 25
    endloop
  endfacet
  facet normal -0.333871 -0.942619 0
    outer loop
      vertex 5.993 18.4446 3.5
      vertex 6.9501 18.1056 25
      vertex 5.993 18.4446 25
    endloop
  endfacet
  facet normal -0.333871 -0.942619 -0
    outer loop
      vertex 6.9501 18.1056 25
      vertex 5.993 18.4446 3.5
      vertex 6.9501 18.1056 3.5
    endloop
  endfacet
  facet normal 0.852649 -0.522484 0
    outer loop
      vertex -16.7955 9.69687 25
      vertex -16.265 10.5626 3.5
      vertex -16.265 10.5626 25
    endloop
  endfacet
  facet normal 0.852649 -0.522484 0
    outer loop
      vertex -16.265 10.5626 3.5
      vertex -16.7955 9.69687 25
      vertex -16.7955 9.69687 3.5
    endloop
  endfacet
  facet normal 0.824134 -0.566395 0
    outer loop
      vertex -16.265 10.5626 25
      vertex -15.6899 11.3994 3.5
      vertex -15.6899 11.3994 25
    endloop
  endfacet
  facet normal 0.824134 -0.566395 0
    outer loop
      vertex -15.6899 11.3994 3.5
      vertex -16.265 10.5626 25
      vertex -16.265 10.5626 3.5
    endloop
  endfacet
  facet normal 0.793345 -0.608773 0
    outer loop
      vertex -15.6899 11.3994 25
      vertex -15.0718 12.2049 3.5
      vertex -15.0718 12.2049 25
    endloop
  endfacet
  facet normal 0.793345 -0.608773 0
    outer loop
      vertex -15.0718 12.2049 3.5
      vertex -15.6899 11.3994 25
      vertex -15.6899 11.3994 3.5
    endloop
  endfacet
  facet normal 0.902591 -0.430499 0
    outer loop
      vertex -17.7171 7.88815 25
      vertex -17.28 8.80458 3.5
      vertex -17.28 8.80458 25
    endloop
  endfacet
  facet normal 0.902591 -0.430499 0
    outer loop
      vertex -17.28 8.80458 3.5
      vertex -17.7171 7.88815 25
      vertex -17.7171 7.88815 3.5
    endloop
  endfacet
  facet normal 0.477179 -0.878806 0
    outer loop
      vertex -9.69687 16.7955 3.5
      vertex -8.80458 17.28 25
      vertex -9.69687 16.7955 25
    endloop
  endfacet
  facet normal 0.477179 -0.878806 0
    outer loop
      vertex -8.80458 17.28 25
      vertex -9.69687 16.7955 3.5
      vertex -8.80458 17.28 3.5
    endloop
  endfacet
  facet normal 0.382639 -0.923898 0
    outer loop
      vertex -7.88815 17.7171 3.5
      vertex -6.9501 18.1056 25
      vertex -7.88815 17.7171 25
    endloop
  endfacet
  facet normal 0.382639 -0.923898 0
    outer loop
      vertex -6.9501 18.1056 25
      vertex -7.88815 17.7171 3.5
      vertex -6.9501 18.1056 3.5
    endloop
  endfacet
  facet normal -0.991448 0.130499 0
    outer loop
      vertex 19.155 -3.03385 3.5
      vertex 19.2875 -2.0272 25
      vertex 19.2875 -2.0272 3.5
    endloop
  endfacet
  facet normal -0.991448 0.130499 0
    outer loop
      vertex 19.2875 -2.0272 25
      vertex 19.155 -3.03385 3.5
      vertex 19.155 -3.03385 25
    endloop
  endfacet
  facet normal 0.999659 0.0260997 0
    outer loop
      vertex -19.3672 -1.01499 25
      vertex -19.3937 0 3.5
      vertex -19.3937 0 25
    endloop
  endfacet
  facet normal 0.999659 0.0260997 0
    outer loop
      vertex -19.3937 0 3.5
      vertex -19.3672 -1.01499 25
      vertex -19.3672 -1.01499 3.5
    endloop
  endfacet
  facet normal 0.991448 0.130499 0
    outer loop
      vertex -19.155 -3.03385 25
      vertex -19.2875 -2.0272 3.5
      vertex -19.2875 -2.0272 25
    endloop
  endfacet
  facet normal 0.991448 0.130499 0
    outer loop
      vertex -19.2875 -2.0272 3.5
      vertex -19.155 -3.03385 25
      vertex -19.155 -3.03385 3.5
    endloop
  endfacet
  facet normal -0.477179 0.878806 0
    outer loop
      vertex 9.69687 -16.7955 3.5
      vertex 8.80458 -17.28 25
      vertex 9.69687 -16.7955 25
    endloop
  endfacet
  facet normal -0.477179 0.878806 0
    outer loop
      vertex 8.80458 -17.28 25
      vertex 9.69687 -16.7955 3.5
      vertex 8.80458 -17.28 3.5
    endloop
  endfacet
  facet normal -0.233422 0.972375 0
    outer loop
      vertex 5.01947 -18.7329 3.5
      vertex 4.03219 -18.9699 25
      vertex 5.01947 -18.7329 25
    endloop
  endfacet
  facet normal -0.233422 0.972375 0
    outer loop
      vertex 4.03219 -18.9699 25
      vertex 5.01947 -18.7329 3.5
      vertex 4.03219 -18.9699 3.5
    endloop
  endfacet
  facet normal -0.130499 0.991448 0
    outer loop
      vertex 3.03385 -19.155 3.5
      vertex 2.0272 -19.2875 25
      vertex 3.03385 -19.155 25
    endloop
  endfacet
  facet normal -0.130499 0.991448 0
    outer loop
      vertex 2.0272 -19.2875 25
      vertex 3.03385 -19.155 3.5
      vertex 2.0272 -19.2875 3.5
    endloop
  endfacet
  facet normal -0.824134 0.566395 0
    outer loop
      vertex 15.6899 -11.3994 3.5
      vertex 16.265 -10.5626 25
      vertex 16.265 -10.5626 3.5
    endloop
  endfacet
  facet normal -0.824134 0.566395 0
    outer loop
      vertex 16.265 -10.5626 25
      vertex 15.6899 -11.3994 3.5
      vertex 15.6899 -11.3994 25
    endloop
  endfacet
  facet normal -0.0260997 0.999659 0
    outer loop
      vertex 1.01499 -19.3672 3.5
      vertex 0 -19.3937 25
      vertex 1.01499 -19.3672 25
    endloop
  endfacet
  facet normal -0.0260997 0.999659 0
    outer loop
      vertex 0 -19.3937 25
      vertex 1.01499 -19.3672 3.5
      vertex 0 -19.3937 3.5
    endloop
  endfacet
  facet normal 0.333871 0.942619 -0
    outer loop
      vertex -5.993 -18.4446 3.5
      vertex -6.9501 -18.1056 25
      vertex -5.993 -18.4446 25
    endloop
  endfacet
  facet normal 0.333871 0.942619 0
    outer loop
      vertex -6.9501 -18.1056 25
      vertex -5.993 -18.4446 3.5
      vertex -6.9501 -18.1056 3.5
    endloop
  endfacet
  facet normal 0.130499 0.991448 -0
    outer loop
      vertex -2.0272 -19.2875 3.5
      vertex -3.03385 -19.155 25
      vertex -2.0272 -19.2875 25
    endloop
  endfacet
  facet normal 0.130499 0.991448 0
    outer loop
      vertex -3.03385 -19.155 25
      vertex -2.0272 -19.2875 3.5
      vertex -3.03385 -19.155 3.5
    endloop
  endfacet
  facet normal 0.0784957 0.996914 -0
    outer loop
      vertex -1.01499 -19.3672 3.5
      vertex -2.0272 -19.2875 25
      vertex -1.01499 -19.3672 25
    endloop
  endfacet
  facet normal 0.0784957 0.996914 0
    outer loop
      vertex -2.0272 -19.2875 25
      vertex -1.01499 -19.3672 3.5
      vertex -2.0272 -19.2875 3.5
    endloop
  endfacet
  facet normal 0.283949 0.958839 -0
    outer loop
      vertex -5.01947 -18.7329 3.5
      vertex -5.993 -18.4446 25
      vertex -5.01947 -18.7329 25
    endloop
  endfacet
  facet normal 0.283949 0.958839 0
    outer loop
      vertex -5.993 -18.4446 25
      vertex -5.01947 -18.7329 3.5
      vertex -5.993 -18.4446 3.5
    endloop
  endfacet
  facet normal 0.233422 0.972375 -0
    outer loop
      vertex -4.03219 -18.9699 3.5
      vertex -5.01947 -18.7329 25
      vertex -4.03219 -18.9699 25
    endloop
  endfacet
  facet normal 0.233422 0.972375 0
    outer loop
      vertex -5.01947 -18.7329 25
      vertex -4.03219 -18.9699 3.5
      vertex -5.01947 -18.7329 3.5
    endloop
  endfacet
  facet normal 0.688348 0.72538 -0
    outer loop
      vertex -12.977 -14.4124 3.5
      vertex -13.7135 -13.7135 25
      vertex -12.977 -14.4124 25
    endloop
  endfacet
  facet normal 0.688348 0.72538 0
    outer loop
      vertex -13.7135 -13.7135 25
      vertex -12.977 -14.4124 3.5
      vertex -13.7135 -13.7135 3.5
    endloop
  endfacet
  facet normal 0.760423 0.649428 0
    outer loop
      vertex -14.4124 -12.977 25
      vertex -15.0718 -12.2049 3.5
      vertex -15.0718 -12.2049 25
    endloop
  endfacet
  facet normal 0.760423 0.649428 0
    outer loop
      vertex -15.0718 -12.2049 3.5
      vertex -14.4124 -12.977 25
      vertex -14.4124 -12.977 3.5
    endloop
  endfacet
  facet normal 0.958839 0.283949 0
    outer loop
      vertex -18.4446 -5.993 25
      vertex -18.7329 -5.01947 3.5
      vertex -18.7329 -5.01947 25
    endloop
  endfacet
  facet normal 0.958839 0.283949 0
    outer loop
      vertex -18.7329 -5.01947 3.5
      vertex -18.4446 -5.993 25
      vertex -18.4446 -5.993 3.5
    endloop
  endfacet
  facet normal 0 0 1
    outer loop
      vertex 19.3672 1.01499 3.5
      vertex 19.3672 -1.01499 3.5
      vertex 19.3937 0 3.5
    endloop
  endfacet
  facet normal 0 0 1
    outer loop
      vertex 19.2875 2.0272 3.5
      vertex 19.3672 -1.01499 3.5
      vertex 19.3672 1.01499 3.5
    endloop
  endfacet
  facet normal 0 0 1
    outer loop
      vertex 19.2875 2.0272 3.5
      vertex 19.2875 -2.0272 3.5
      vertex 19.3672 -1.01499 3.5
    endloop
  endfacet
  facet normal 0 0 1
    outer loop
      vertex 19.155 3.03385 3.5
      vertex 19.2875 -2.0272 3.5
      vertex 19.2875 2.0272 3.5
    endloop
  endfacet
  facet normal 0 0 1
    outer loop
      vertex 19.155 3.03385 3.5
      vertex 19.155 -3.03385 3.5
      vertex 19.2875 -2.0272 3.5
    endloop
  endfacet
  facet normal 0 0 1
    outer loop
      vertex 18.9699 4.03219 3.5
      vertex 19.155 -3.03385 3.5
      vertex 19.155 3.03385 3.5
    endloop
  endfacet
  facet normal 0 0 1
    outer loop
      vertex 18.9699 4.03219 3.5
      vertex 18.9699 -4.03219 3.5
      vertex 19.155 -3.03385 3.5
    endloop
  endfacet
  facet normal 0 0 1
    outer loop
      vertex 18.7329 5.01947 3.5
      vertex 18.9699 -4.03219 3.5
      vertex 18.9699 4.03219 3.5
    endloop
  endfacet
  facet normal 0 0 1
    outer loop
      vertex 18.7329 5.01947 3.5
      vertex 18.7329 -5.01947 3.5
      vertex 18.9699 -4.03219 3.5
    endloop
  endfacet
  facet normal 0 0 1
    outer loop
      vertex 18.4446 5.993 3.5
      vertex 18.7329 -5.01947 3.5
      vertex 18.7329 5.01947 3.5
    endloop
  endfacet
  facet normal 0 0 1
    outer loop
      vertex 18.4446 5.993 3.5
      vertex 18.4446 -5.993 3.5
      vertex 18.7329 -5.01947 3.5
    endloop
  endfacet
  facet normal 0 0 1
    outer loop
      vertex 18.1056 6.9501 3.5
      vertex 18.4446 -5.993 3.5
      vertex 18.4446 5.993 3.5
    endloop
  endfacet
  facet normal 0 0 1
    outer loop
      vertex 18.1056 6.9501 3.5
      vertex 18.1056 -6.9501 3.5
      vertex 18.4446 -5.993 3.5
    endloop
  endfacet
  facet normal 0 0 1
    outer loop
      vertex 17.7171 7.88815 3.5
      vertex 18.1056 -6.9501 3.5
      vertex 18.1056 6.9501 3.5
    endloop
  endfacet
  facet normal 0 0 1
    outer loop
      vertex 17.7171 7.88815 3.5
      vertex 17.7171 -7.88815 3.5
      vertex 18.1056 -6.9501 3.5
    endloop
  endfacet
  facet normal 0 0 1
    outer loop
      vertex 17.28 8.80458 3.5
      vertex 17.7171 -7.88815 3.5
      vertex 17.7171 7.88815 3.5
    endloop
  endfacet
  facet normal 0 0 1
    outer loop
      vertex 17.28 8.80458 3.5
      vertex 17.28 -8.80458 3.5
      vertex 17.7171 -7.88815 3.5
    endloop
  endfacet
  facet normal 0 0 1
    outer loop
      vertex 16.7955 9.69687 3.5
      vertex 17.28 -8.80458 3.5
      vertex 17.28 8.80458 3.5
    endloop
  endfacet
  facet normal 0 0 1
    outer loop
      vertex 16.7955 9.69687 3.5
      vertex 16.7955 -9.69687 3.5
      vertex 17.28 -8.80458 3.5
    endloop
  endfacet
  facet normal 0 0 1
    outer loop
      vertex 16.265 10.5626 3.5
      vertex 16.7955 -9.69687 3.5
      vertex 16.7955 9.69687 3.5
    endloop
  endfacet
  facet normal 0 0 1
    outer loop
      vertex 16.265 10.5626 3.5
      vertex 16.265 -10.5626 3.5
      vertex 16.7955 -9.69687 3.5
    endloop
  endfacet
  facet normal 0 0 1
    outer loop
      vertex 15.6899 11.3994 3.5
      vertex 16.265 -10.5626 3.5
      vertex 16.265 10.5626 3.5
    endloop
  endfacet
  facet normal 0 0 1
    outer loop
      vertex 15.6899 11.3994 3.5
      vertex 15.6899 -11.3994 3.5
      vertex 16.265 -10.5626 3.5
    endloop
  endfacet
  facet normal 0 0 1
    outer loop
      vertex 15.0718 12.2049 3.5
      vertex 15.6899 -11.3994 3.5
      vertex 15.6899 11.3994 3.5
    endloop
  endfacet
  facet normal 0 0 1
    outer loop
      vertex 15.0718 12.2049 3.5
      vertex 15.0718 -12.2049 3.5
      vertex 15.6899 -11.3994 3.5
    endloop
  endfacet
  facet normal 0 0 1
    outer loop
      vertex 14.4124 12.977 3.5
      vertex 15.0718 -12.2049 3.5
      vertex 15.0718 12.2049 3.5
    endloop
  endfacet
  facet normal 0 0 1
    outer loop
      vertex 14.4124 12.977 3.5
      vertex 14.4124 -12.977 3.5
      vertex 15.0718 -12.2049 3.5
    endloop
  endfacet
  facet normal 0 0 1
    outer loop
      vertex 13.7135 13.7135 3.5
      vertex 14.4124 -12.977 3.5
      vertex 14.4124 12.977 3.5
    endloop
  endfacet
  facet normal 0 0 1
    outer loop
      vertex 13.7135 13.7135 3.5
      vertex 13.7135 -13.7135 3.5
      vertex 14.4124 -12.977 3.5
    endloop
  endfacet
  facet normal 0 0 1
    outer loop
      vertex 12.977 14.4124 3.5
      vertex 13.7135 -13.7135 3.5
      vertex 13.7135 13.7135 3.5
    endloop
  endfacet
  facet normal 0 0 1
    outer loop
      vertex 12.977 14.4124 3.5
      vertex 12.977 -14.4124 3.5
      vertex 13.7135 -13.7135 3.5
    endloop
  endfacet
  facet normal 0 0 1
    outer loop
      vertex 12.2049 15.0718 3.5
      vertex 12.977 -14.4124 3.5
      vertex 12.977 14.4124 3.5
    endloop
  endfacet
  facet normal 0 0 1
    outer loop
      vertex 12.2049 15.0718 3.5
      vertex 12.2049 -15.0718 3.5
      vertex 12.977 -14.4124 3.5
    endloop
  endfacet
  facet normal 0 0 1
    outer loop
      vertex 11.3994 15.6899 3.5
      vertex 12.2049 -15.0718 3.5
      vertex 12.2049 15.0718 3.5
    endloop
  endfacet
  facet normal 0 0 1
    outer loop
      vertex 11.3994 15.6899 3.5
      vertex 11.3994 -15.6899 3.5
      vertex 12.2049 -15.0718 3.5
    endloop
  endfacet
  facet normal 0 0 1
    outer loop
      vertex 10.5626 16.265 3.5
      vertex 11.3994 -15.6899 3.5
      vertex 11.3994 15.6899 3.5
    endloop
  endfacet
  facet normal 0 0 1
    outer loop
      vertex 10.5626 16.265 3.5
      vertex 10.5626 -16.265 3.5
      vertex 11.3994 -15.6899 3.5
    endloop
  endfacet
  facet normal 0 0 1
    outer loop
      vertex 9.69687 16.7955 3.5
      vertex 10.5626 -16.265 3.5
      vertex 10.5626 16.265 3.5
    endloop
  endfacet
  facet normal 0 0 1
    outer loop
      vertex 9.69687 16.7955 3.5
      vertex 9.69687 -16.7955 3.5
      vertex 10.5626 -16.265 3.5
    endloop
  endfacet
  facet normal 0 0 1
    outer loop
      vertex 8.80458 17.28 3.5
      vertex 9.69687 -16.7955 3.5
      vertex 9.69687 16.7955 3.5
    endloop
  endfacet
  facet normal 0 0 1
    outer loop
      vertex 8.80458 17.28 3.5
      vertex 8.80458 -17.28 3.5
      vertex 9.69687 -16.7955 3.5
    endloop
  endfacet
  facet normal 0 0 1
    outer loop
      vertex 7.88815 17.7171 3.5
      vertex 8.80458 -17.28 3.5
      vertex 8.80458 17.28 3.5
    endloop
  endfacet
  facet normal 0 0 1
    outer loop
      vertex 7.88815 17.7171 3.5
      vertex 7.88815 -17.7171 3.5
      vertex 8.80458 -17.28 3.5
    endloop
  endfacet
  facet normal 0 0 1
    outer loop
      vertex 6.9501 18.1056 3.5
      vertex 7.88815 -17.7171 3.5
      vertex 7.88815 17.7171 3.5
    endloop
  endfacet
  facet normal 0 0 1
    outer loop
      vertex 6.9501 18.1056 3.5
      vertex 6.9501 -18.1056 3.5
      vertex 7.88815 -17.7171 3.5
    endloop
  endfacet
  facet normal 0 0 1
    outer loop
      vertex 5.993 18.4446 3.5
      vertex 6.9501 -18.1056 3.5
      vertex 6.9501 18.1056 3.5
    endloop
  endfacet
  facet normal 0 0 1
    outer loop
      vertex 5.993 18.4446 3.5
      vertex 5.993 -18.4446 3.5
      vertex 6.9501 -18.1056 3.5
    endloop
  endfacet
  facet normal 0 0 1
    outer loop
      vertex 5.01947 18.7329 3.5
      vertex 5.993 -18.4446 3.5
      vertex 5.993 18.4446 3.5
    endloop
  endfacet
  facet normal 0 0 1
    outer loop
      vertex 5.01947 18.7329 3.5
      vertex 5.01947 -18.7329 3.5
      vertex 5.993 -18.4446 3.5
    endloop
  endfacet
  facet normal 0 0 1
    outer loop
      vertex 4.03219 18.9699 3.5
      vertex 5.01947 -18.7329 3.5
      vertex 5.01947 18.7329 3.5
    endloop
  endfacet
  facet normal 0 0 1
    outer loop
      vertex 4.03219 18.9699 3.5
      vertex 4.03219 -18.9699 3.5
      vertex 5.01947 -18.7329 3.5
    endloop
  endfacet
  facet normal 0 0 1
    outer loop
      vertex 3.03385 19.155 3.5
      vertex 4.03219 -18.9699 3.5
      vertex 4.03219 18.9699 3.5
    endloop
  endfacet
  facet normal 0 0 1
    outer loop
      vertex 3.03385 19.155 3.5
      vertex 3.03385 -19.155 3.5
      vertex 4.03219 -18.9699 3.5
    endloop
  endfacet
  facet normal 0 0 1
    outer loop
      vertex 2.0272 19.2875 3.5
      vertex 3.03385 -19.155 3.5
      vertex 3.03385 19.155 3.5
    endloop
  endfacet
  facet normal 0 0 1
    outer loop
      vertex 2.0272 19.2875 3.5
      vertex 2.0272 -19.2875 3.5
      vertex 3.03385 -19.155 3.5
    endloop
  endfacet
  facet normal 0 0 1
    outer loop
      vertex 1.01499 19.3672 3.5
      vertex 2.0272 -19.2875 3.5
      vertex 2.0272 19.2875 3.5
    endloop
  endfacet
  facet normal 0 0 1
    outer loop
      vertex 1.01499 19.3672 3.5
      vertex 1.01499 -19.3672 3.5
      vertex 2.0272 -19.2875 3.5
    endloop
  endfacet
  facet normal 0 0 1
    outer loop
      vertex 0 19.3937 3.5
      vertex 1.01499 -19.3672 3.5
      vertex 1.01499 19.3672 3.5
    endloop
  endfacet
  facet normal 0 0 1
    outer loop
      vertex 0 19.3937 3.5
      vertex 0 -19.3937 3.5
      vertex 1.01499 -19.3672 3.5
    endloop
  endfacet
  facet normal -0 0 1
    outer loop
      vertex -1.01499 19.3672 3.5
      vertex 0 -19.3937 3.5
      vertex 0 19.3937 3.5
    endloop
  endfacet
  facet normal 0 0 1
    outer loop
      vertex -1.01499 19.3672 3.5
      vertex -1.01499 -19.3672 3.5
      vertex 0 -19.3937 3.5
    endloop
  endfacet
  facet normal -0 0 1
    outer loop
      vertex -2.0272 19.2875 3.5
      vertex -1.01499 -19.3672 3.5
      vertex -1.01499 19.3672 3.5
    endloop
  endfacet
  facet normal 0 0 1
    outer loop
      vertex -2.0272 19.2875 3.5
      vertex -2.0272 -19.2875 3.5
      vertex -1.01499 -19.3672 3.5
    endloop
  endfacet
  facet normal -0 0 1
    outer loop
      vertex -3.03385 19.155 3.5
      vertex -2.0272 -19.2875 3.5
      vertex -2.0272 19.2875 3.5
    endloop
  endfacet
  facet normal 0 0 1
    outer loop
      vertex -3.03385 19.155 3.5
      vertex -3.03385 -19.155 3.5
      vertex -2.0272 -19.2875 3.5
    endloop
  endfacet
  facet normal -0 0 1
    outer loop
      vertex -4.03219 18.9699 3.5
      vertex -3.03385 -19.155 3.5
      vertex -3.03385 19.155 3.5
    endloop
  endfacet
  facet normal 0 0 1
    outer loop
      vertex -4.03219 18.9699 3.5
      vertex -4.03219 -18.9699 3.5
      vertex -3.03385 -19.155 3.5
    endloop
  endfacet
  facet normal -0 0 1
    outer loop
      vertex -5.01947 18.7329 3.5
      vertex -4.03219 -18.9699 3.5
      vertex -4.03219 18.9699 3.5
    endloop
  endfacet
  facet normal 0 0 1
    outer loop
      vertex -5.01947 18.7329 3.5
      vertex -5.01947 -18.7329 3.5
      vertex -4.03219 -18.9699 3.5
    endloop
  endfacet
  facet normal -0 0 1
    outer loop
      vertex -5.993 18.4446 3.5
      vertex -5.01947 -18.7329 3.5
      vertex -5.01947 18.7329 3.5
    endloop
  endfacet
  facet normal 0 0 1
    outer loop
      vertex -5.993 18.4446 3.5
      vertex -5.993 -18.4446 3.5
      vertex -5.01947 -18.7329 3.5
    endloop
  endfacet
  facet normal -0 0 1
    outer loop
      vertex -6.9501 18.1056 3.5
      vertex -5.993 -18.4446 3.5
      vertex -5.993 18.4446 3.5
    endloop
  endfacet
  facet normal 0 0 1
    outer loop
      vertex -6.9501 18.1056 3.5
      vertex -6.9501 -18.1056 3.5
      vertex -5.993 -18.4446 3.5
    endloop
  endfacet
  facet normal -0 0 1
    outer loop
      vertex -7.88815 17.7171 3.5
      vertex -6.9501 -18.1056 3.5
      vertex -6.9501 18.1056 3.5
    endloop
  endfacet
  facet normal 0 0 1
    outer loop
      vertex -7.88815 17.7171 3.5
      vertex -7.88815 -17.7171 3.5
      vertex -6.9501 -18.1056 3.5
    endloop
  endfacet
  facet normal -0 0 1
    outer loop
      vertex -8.80458 17.28 3.5
      vertex -7.88815 -17.7171 3.5
      vertex -7.88815 17.7171 3.5
    endloop
  endfacet
  facet normal 0 0 1
    outer loop
      vertex -8.80458 17.28 3.5
      vertex -8.80458 -17.28 3.5
      vertex -7.88815 -17.7171 3.5
    endloop
  endfacet
  facet normal -0 0 1
    outer loop
      vertex -9.69687 16.7955 3.5
      vertex -8.80458 -17.28 3.5
      vertex -8.80458 17.28 3.5
    endloop
  endfacet
  facet normal 0 0 1
    outer loop
      vertex -9.69687 16.7955 3.5
      vertex -9.69687 -16.7955 3.5
      vertex -8.80458 -17.28 3.5
    endloop
  endfacet
  facet normal -0 0 1
    outer loop
      vertex -10.5626 16.265 3.5
      vertex -9.69687 -16.7955 3.5
      vertex -9.69687 16.7955 3.5
    endloop
  endfacet
  facet normal 0 0 1
    outer loop
      vertex -10.5626 16.265 3.5
      vertex -10.5626 -16.265 3.5
      vertex -9.69687 -16.7955 3.5
    endloop
  endfacet
  facet normal -0 0 1
    outer loop
      vertex -11.3994 15.6899 3.5
      vertex -10.5626 -16.265 3.5
      vertex -10.5626 16.265 3.5
    endloop
  endfacet
  facet normal 0 0 1
    outer loop
      vertex -11.3994 15.6899 3.5
      vertex -11.3994 -15.6899 3.5
      vertex -10.5626 -16.265 3.5
    endloop
  endfacet
  facet normal -0 0 1
    outer loop
      vertex -12.2049 15.0718 3.5
      vertex -11.3994 -15.6899 3.5
      vertex -11.3994 15.6899 3.5
    endloop
  endfacet
  facet normal 0 0 1
    outer loop
      vertex -12.2049 15.0718 3.5
      vertex -12.2049 -15.0718 3.5
      vertex -11.3994 -15.6899 3.5
    endloop
  endfacet
  facet normal -0 0 1
    outer loop
      vertex -12.977 14.4124 3.5
      vertex -12.2049 -15.0718 3.5
      vertex -12.2049 15.0718 3.5
    endloop
  endfacet
  facet normal 0 0 1
    outer loop
      vertex -12.977 14.4124 3.5
      vertex -12.977 -14.4124 3.5
      vertex -12.2049 -15.0718 3.5
    endloop
  endfacet
  facet normal -0 0 1
    outer loop
      vertex -13.7135 13.7135 3.5
      vertex -12.977 -14.4124 3.5
      vertex -12.977 14.4124 3.5
    endloop
  endfacet
  facet normal 0 0 1
    outer loop
      vertex -13.7135 13.7135 3.5
      vertex -13.7135 -13.7135 3.5
      vertex -12.977 -14.4124 3.5
    endloop
  endfacet
  facet normal -0 0 1
    outer loop
      vertex -14.4124 12.977 3.5
      vertex -13.7135 -13.7135 3.5
      vertex -13.7135 13.7135 3.5
    endloop
  endfacet
  facet normal 0 0 1
    outer loop
      vertex -14.4124 12.977 3.5
      vertex -14.4124 -12.977 3.5
      vertex -13.7135 -13.7135 3.5
    endloop
  endfacet
  facet normal -0 0 1
    outer loop
      vertex -15.0718 12.2049 3.5
      vertex -14.4124 -12.977 3.5
      vertex -14.4124 12.977 3.5
    endloop
  endfacet
  facet normal 0 0 1
    outer loop
      vertex -15.0718 12.2049 3.5
      vertex -15.0718 -12.2049 3.5
      vertex -14.4124 -12.977 3.5
    endloop
  endfacet
  facet normal -0 0 1
    outer loop
      vertex -15.6899 11.3994 3.5
      vertex -15.0718 -12.2049 3.5
      vertex -15.0718 12.2049 3.5
    endloop
  endfacet
  facet normal 0 0 1
    outer loop
      vertex -15.6899 11.3994 3.5
      vertex -15.6899 -11.3994 3.5
      vertex -15.0718 -12.2049 3.5
    endloop
  endfacet
  facet normal -0 0 1
    outer loop
      vertex -16.265 10.5626 3.5
      vertex -15.6899 -11.3994 3.5
      vertex -15.6899 11.3994 3.5
    endloop
  endfacet
  facet normal 0 0 1
    outer loop
      vertex -16.265 10.5626 3.5
      vertex -16.265 -10.5626 3.5
      vertex -15.6899 -11.3994 3.5
    endloop
  endfacet
  facet normal -0 0 1
    outer loop
      vertex -16.7955 9.69687 3.5
      vertex -16.265 -10.5626 3.5
      vertex -16.265 10.5626 3.5
    endloop
  endfacet
  facet normal 0 0 1
    outer loop
      vertex -16.7955 9.69687 3.5
      vertex -16.7955 -9.69687 3.5
      vertex -16.265 -10.5626 3.5
    endloop
  endfacet
  facet normal -0 0 1
    outer loop
      vertex -17.28 8.80458 3.5
      vertex -16.7955 -9.69687 3.5
      vertex -16.7955 9.69687 3.5
    endloop
  endfacet
  facet normal 0 0 1
    outer loop
      vertex -17.28 8.80458 3.5
      vertex -17.28 -8.80458 3.5
      vertex -16.7955 -9.69687 3.5
    endloop
  endfacet
  facet normal -0 0 1
    outer loop
      vertex -17.7171 7.88815 3.5
      vertex -17.28 -8.80458 3.5
      vertex -17.28 8.80458 3.5
    endloop
  endfacet
  facet normal 0 0 1
    outer loop
      vertex -17.7171 7.88815 3.5
      vertex -17.7171 -7.88815 3.5
      vertex -17.28 -8.80458 3.5
    endloop
  endfacet
  facet normal -0 0 1
    outer loop
      vertex -18.1056 6.9501 3.5
      vertex -17.7171 -7.88815 3.5
      vertex -17.7171 7.88815 3.5
    endloop
  endfacet
  facet normal 0 0 1
    outer loop
      vertex -18.1056 6.9501 3.5
      vertex -18.1056 -6.9501 3.5
      vertex -17.7171 -7.88815 3.5
    endloop
  endfacet
  facet normal -0 0 1
    outer loop
      vertex -18.4446 5.993 3.5
      vertex -18.1056 -6.9501 3.5
      vertex -18.1056 6.9501 3.5
    endloop
  endfacet
  facet normal 0 0 1
    outer loop
      vertex -18.4446 5.993 3.5
      vertex -18.4446 -5.993 3.5
      vertex -18.1056 -6.9501 3.5
    endloop
  endfacet
  facet normal -0 0 1
    outer loop
      vertex -18.7329 5.01947 3.5
      vertex -18.4446 -5.993 3.5
      vertex -18.4446 5.993 3.5
    endloop
  endfacet
  facet normal 0 0 1
    outer loop
      vertex -18.7329 5.01947 3.5
      vertex -18.7329 -5.01947 3.5
      vertex -18.4446 -5.993 3.5
    endloop
  endfacet
  facet normal -0 0 1
    outer loop
      vertex -18.9699 4.03219 3.5
      vertex -18.7329 -5.01947 3.5
      vertex -18.7329 5.01947 3.5
    endloop
  endfacet
  facet normal 0 0 1
    outer loop
      vertex -18.9699 4.03219 3.5
      vertex -18.9699 -4.03219 3.5
      vertex -18.7329 -5.01947 3.5
    endloop
  endfacet
  facet normal -0 0 1
    outer loop
      vertex -19.155 3.03385 3.5
      vertex -18.9699 -4.03219 3.5
      vertex -18.9699 4.03219 3.5
    endloop
  endfacet
  facet normal 0 0 1
    outer loop
      vertex -19.155 3.03385 3.5
      vertex -19.155 -3.03385 3.5
      vertex -18.9699 -4.03219 3.5
    endloop
  endfacet
  facet normal -0 0 1
    outer loop
      vertex -19.2875 2.0272 3.5
      vertex -19.155 -3.03385 3.5
      vertex -19.155 3.03385 3.5
    endloop
  endfacet
  facet normal 0 0 1
    outer loop
      vertex -19.2875 2.0272 3.5
      vertex -19.2875 -2.0272 3.5
      vertex -19.155 -3.03385 3.5
    endloop
  endfacet
  facet normal -0 0 1
    outer loop
      vertex -19.3672 1.01499 3.5
      vertex -19.2875 -2.0272 3.5
      vertex -19.2875 2.0272 3.5
    endloop
  endfacet
  facet normal 0 0 1
    outer loop
      vertex -19.3672 1.01499 3.5
      vertex -19.3672 -1.01499 3.5
      vertex -19.2875 -2.0272 3.5
    endloop
  endfacet
  facet normal 0 -0 1
    outer loop
      vertex -19.3672 -1.01499 3.5
      vertex -19.3672 1.01499 3.5
      vertex -19.3937 0 3.5
    endloop
  endfacet
  facet normal 0.996914 0.0784957 0
    outer loop
      vertex -19.2875 -2.0272 25
      vertex -19.3672 -1.01499 3.5
      vertex -19.3672 -1.01499 25
    endloop
  endfacet
  facet normal 0.996914 0.0784957 0
    outer loop
      vertex -19.3672 -1.01499 3.5
      vertex -19.2875 -2.0272 25
      vertex -19.2875 -2.0272 3.5
    endloop
  endfacet
  facet normal 0.983243 0.182301 0
    outer loop
      vertex -18.9699 -4.03219 25
      vertex -19.155 -3.03385 3.5
      vertex -19.155 -3.03385 25
    endloop
  endfacet
  facet normal 0.983243 0.182301 0
    outer loop
      vertex -19.155 -3.03385 3.5
      vertex -18.9699 -4.03219 25
      vertex -18.9699 -4.03219 3.5
    endloop
  endfacet
  facet normal -0.72538 0.688348 0
    outer loop
      vertex 13.7135 -13.7135 3.5
      vertex 14.4124 -12.977 25
      vertex 14.4124 -12.977 3.5
    endloop
  endfacet
  facet normal -0.72538 0.688348 0
    outer loop
      vertex 14.4124 -12.977 25
      vertex 13.7135 -13.7135 3.5
      vertex 13.7135 -13.7135 25
    endloop
  endfacet
  facet normal -0.688348 0.72538 0
    outer loop
      vertex 13.7135 -13.7135 3.5
      vertex 12.977 -14.4124 25
      vertex 13.7135 -13.7135 25
    endloop
  endfacet
  facet normal -0.688348 0.72538 0
    outer loop
      vertex 12.977 -14.4124 25
      vertex 13.7135 -13.7135 3.5
      vertex 12.977 -14.4124 3.5
    endloop
  endfacet
  facet normal -0.760423 0.649428 0
    outer loop
      vertex 14.4124 -12.977 3.5
      vertex 15.0718 -12.2049 25
      vertex 15.0718 -12.2049 3.5
    endloop
  endfacet
  facet normal -0.760423 0.649428 0
    outer loop
      vertex 15.0718 -12.2049 25
      vertex 14.4124 -12.977 3.5
      vertex 14.4124 -12.977 25
    endloop
  endfacet
  facet normal -0.793345 0.608773 0
    outer loop
      vertex 15.0718 -12.2049 3.5
      vertex 15.6899 -11.3994 25
      vertex 15.6899 -11.3994 3.5
    endloop
  endfacet
  facet normal -0.793345 0.608773 0
    outer loop
      vertex 15.6899 -11.3994 25
      vertex 15.0718 -12.2049 3.5
      vertex 15.0718 -12.2049 25
    endloop
  endfacet
  facet normal -0.649428 0.760423 0
    outer loop
      vertex 12.977 -14.4124 3.5
      vertex 12.2049 -15.0718 25
      vertex 12.977 -14.4124 25
    endloop
  endfacet
  facet normal -0.649428 0.760423 0
    outer loop
      vertex 12.2049 -15.0718 25
      vertex 12.977 -14.4124 3.5
      vertex 12.2049 -15.0718 3.5
    endloop
  endfacet
  facet normal -0.566395 0.824134 0
    outer loop
      vertex 11.3994 -15.6899 3.5
      vertex 10.5626 -16.265 25
      vertex 11.3994 -15.6899 25
    endloop
  endfacet
  facet normal -0.566395 0.824134 0
    outer loop
      vertex 10.5626 -16.265 25
      vertex 11.3994 -15.6899 3.5
      vertex 10.5626 -16.265 3.5
    endloop
  endfacet
  facet normal -0.608773 0.793345 0
    outer loop
      vertex 12.2049 -15.0718 3.5
      vertex 11.3994 -15.6899 25
      vertex 12.2049 -15.0718 25
    endloop
  endfacet
  facet normal -0.608773 0.793345 0
    outer loop
      vertex 11.3994 -15.6899 25
      vertex 12.2049 -15.0718 3.5
      vertex 11.3994 -15.6899 3.5
    endloop
  endfacet
  facet normal -0.283949 0.958839 0
    outer loop
      vertex 5.993 -18.4446 3.5
      vertex 5.01947 -18.7329 25
      vertex 5.993 -18.4446 25
    endloop
  endfacet
  facet normal -0.283949 0.958839 0
    outer loop
      vertex 5.01947 -18.7329 25
      vertex 5.993 -18.4446 3.5
      vertex 5.01947 -18.7329 3.5
    endloop
  endfacet
  facet normal -0.182301 0.983243 0
    outer loop
      vertex 4.03219 -18.9699 3.5
      vertex 3.03385 -19.155 25
      vertex 4.03219 -18.9699 25
    endloop
  endfacet
  facet normal -0.182301 0.983243 0
    outer loop
      vertex 3.03385 -19.155 25
      vertex 4.03219 -18.9699 3.5
      vertex 3.03385 -19.155 3.5
    endloop
  endfacet
  facet normal -0.852649 0.522484 0
    outer loop
      vertex 16.265 -10.5626 3.5
      vertex 16.7955 -9.69687 25
      vertex 16.7955 -9.69687 3.5
    endloop
  endfacet
  facet normal -0.852649 0.522484 0
    outer loop
      vertex 16.7955 -9.69687 25
      vertex 16.265 -10.5626 3.5
      vertex 16.265 -10.5626 25
    endloop
  endfacet
  facet normal -0.923898 0.382639 0
    outer loop
      vertex 17.7171 -7.88815 3.5
      vertex 18.1056 -6.9501 25
      vertex 18.1056 -6.9501 3.5
    endloop
  endfacet
  facet normal -0.923898 0.382639 0
    outer loop
      vertex 18.1056 -6.9501 25
      vertex 17.7171 -7.88815 3.5
      vertex 17.7171 -7.88815 25
    endloop
  endfacet
  facet normal -0.958839 0.283949 0
    outer loop
      vertex 18.4446 -5.993 3.5
      vertex 18.7329 -5.01947 25
      vertex 18.7329 -5.01947 3.5
    endloop
  endfacet
  facet normal -0.958839 0.283949 0
    outer loop
      vertex 18.7329 -5.01947 25
      vertex 18.4446 -5.993 3.5
      vertex 18.4446 -5.993 25
    endloop
  endfacet
  facet normal -0.983243 0.182301 0
    outer loop
      vertex 18.9699 -4.03219 3.5
      vertex 19.155 -3.03385 25
      vertex 19.155 -3.03385 3.5
    endloop
  endfacet
  facet normal -0.983243 0.182301 0
    outer loop
      vertex 19.155 -3.03385 25
      vertex 18.9699 -4.03219 3.5
      vertex 18.9699 -4.03219 25
    endloop
  endfacet
  facet normal 0.182301 0.983243 -0
    outer loop
      vertex -3.03385 -19.155 3.5
      vertex -4.03219 -18.9699 25
      vertex -3.03385 -19.155 25
    endloop
  endfacet
  facet normal 0.182301 0.983243 0
    outer loop
      vertex -4.03219 -18.9699 25
      vertex -3.03385 -19.155 3.5
      vertex -4.03219 -18.9699 3.5
    endloop
  endfacet
  facet normal 0.649428 0.760423 -0
    outer loop
      vertex -12.2049 -15.0718 3.5
      vertex -12.977 -14.4124 25
      vertex -12.2049 -15.0718 25
    endloop
  endfacet
  facet normal 0.649428 0.760423 0
    outer loop
      vertex -12.977 -14.4124 25
      vertex -12.2049 -15.0718 3.5
      vertex -12.977 -14.4124 3.5
    endloop
  endfacet
  facet normal 0.566395 0.824134 -0
    outer loop
      vertex -10.5626 -16.265 3.5
      vertex -11.3994 -15.6899 25
      vertex -10.5626 -16.265 25
    endloop
  endfacet
  facet normal 0.566395 0.824134 0
    outer loop
      vertex -11.3994 -15.6899 25
      vertex -10.5626 -16.265 3.5
      vertex -11.3994 -15.6899 3.5
    endloop
  endfacet
  facet normal 0.430499 0.902591 -0
    outer loop
      vertex -7.88815 -17.7171 3.5
      vertex -8.80458 -17.28 25
      vertex -7.88815 -17.7171 25
    endloop
  endfacet
  facet normal 0.430499 0.902591 0
    outer loop
      vertex -8.80458 -17.28 25
      vertex -7.88815 -17.7171 3.5
      vertex -8.80458 -17.28 3.5
    endloop
  endfacet
  facet normal 0.793345 0.608773 0
    outer loop
      vertex -15.0718 -12.2049 25
      vertex -15.6899 -11.3994 3.5
      vertex -15.6899 -11.3994 25
    endloop
  endfacet
  facet normal 0.793345 0.608773 0
    outer loop
      vertex -15.6899 -11.3994 3.5
      vertex -15.0718 -12.2049 25
      vertex -15.0718 -12.2049 3.5
    endloop
  endfacet
  facet normal 0.902591 0.430499 0
    outer loop
      vertex -17.28 -8.80458 25
      vertex -17.7171 -7.88815 3.5
      vertex -17.7171 -7.88815 25
    endloop
  endfacet
  facet normal 0.902591 0.430499 0
    outer loop
      vertex -17.7171 -7.88815 3.5
      vertex -17.28 -8.80458 25
      vertex -17.28 -8.80458 3.5
    endloop
  endfacet
  facet normal 0.942619 0.333871 0
    outer loop
      vertex -18.1056 -6.9501 25
      vertex -18.4446 -5.993 3.5
      vertex -18.4446 -5.993 25
    endloop
  endfacet
  facet normal 0.942619 0.333871 0
    outer loop
      vertex -18.4446 -5.993 3.5
      vertex -18.1056 -6.9501 25
      vertex -18.1056 -6.9501 3.5
    endloop
  endfacet
  facet normal 0.972375 0.233422 0
    outer loop
      vertex -18.7329 -5.01947 25
      vertex -18.9699 -4.03219 3.5
      vertex -18.9699 -4.03219 25
    endloop
  endfacet
  facet normal 0.972375 0.233422 0
    outer loop
      vertex -18.9699 -4.03219 3.5
      vertex -18.7329 -5.01947 25
      vertex -18.7329 -5.01947 3.5
    endloop
  endfacet
  facet normal -0.333871 0.942619 0
    outer loop
      vertex 6.9501 -18.1056 3.5
      vertex 5.993 -18.4446 25
      vertex 6.9501 -18.1056 25
    endloop
  endfacet
  facet normal -0.333871 0.942619 0
    outer loop
      vertex 5.993 -18.4446 25
      vertex 6.9501 -18.1056 3.5
      vertex 5.993 -18.4446 3.5
    endloop
  endfacet
  facet normal 0.608773 0.793345 -0
    outer loop
      vertex -11.3994 -15.6899 3.5
      vertex -12.2049 -15.0718 25
      vertex -11.3994 -15.6899 25
    endloop
  endfacet
  facet normal 0.608773 0.793345 0
    outer loop
      vertex -12.2049 -15.0718 25
      vertex -11.3994 -15.6899 3.5
      vertex -12.2049 -15.0718 3.5
    endloop
  endfacet
  facet normal 0.382639 0.923898 -0
    outer loop
      vertex -6.9501 -18.1056 3.5
      vertex -7.88815 -17.7171 25
      vertex -6.9501 -18.1056 25
    endloop
  endfacet
  facet normal 0.382639 0.923898 0
    outer loop
      vertex -7.88815 -17.7171 25
      vertex -6.9501 -18.1056 3.5
      vertex -7.88815 -17.7171 3.5
    endloop
  endfacet
  facet normal 0.477179 0.878806 -0
    outer loop
      vertex -8.80458 -17.28 3.5
      vertex -9.69687 -16.7955 25
      vertex -8.80458 -17.28 25
    endloop
  endfacet
  facet normal 0.477179 0.878806 0
    outer loop
      vertex -9.69687 -16.7955 25
      vertex -8.80458 -17.28 3.5
      vertex -9.69687 -16.7955 3.5
    endloop
  endfacet
  facet normal 0.522484 0.852649 -0
    outer loop
      vertex -9.69687 -16.7955 3.5
      vertex -10.5626 -16.265 25
      vertex -9.69687 -16.7955 25
    endloop
  endfacet
  facet normal 0.522484 0.852649 0
    outer loop
      vertex -10.5626 -16.265 25
      vertex -9.69687 -16.7955 3.5
      vertex -10.5626 -16.265 3.5
    endloop
  endfacet
  facet normal 0.852649 0.522484 0
    outer loop
      vertex -16.265 -10.5626 25
      vertex -16.7955 -9.69687 3.5
      vertex -16.7955 -9.69687 25
    endloop
  endfacet
  facet normal 0.852649 0.522484 0
    outer loop
      vertex -16.7955 -9.69687 3.5
      vertex -16.265 -10.5626 25
      vertex -16.265 -10.5626 3.5
    endloop
  endfacet
  facet normal 0.878806 0.477179 0
    outer loop
      vertex -16.7955 -9.69687 25
      vertex -17.28 -8.80458 3.5
      vertex -17.28 -8.80458 25
    endloop
  endfacet
  facet normal 0.878806 0.477179 0
    outer loop
      vertex -17.28 -8.80458 3.5
      vertex -16.7955 -9.69687 25
      vertex -16.7955 -9.69687 3.5
    endloop
  endfacet
  facet normal 0.824134 0.566395 0
    outer loop
      vertex -15.6899 -11.3994 25
      vertex -16.265 -10.5626 3.5
      vertex -16.265 -10.5626 25
    endloop
  endfacet
  facet normal 0.824134 0.566395 0
    outer loop
      vertex -16.265 -10.5626 3.5
      vertex -15.6899 -11.3994 25
      vertex -15.6899 -11.3994 3.5
    endloop
  endfacet
endsolid OpenSCAD_Model
